Date,DOG
11/5/2012,135.529114
11/6/2012,134.319016
11/7/2012,137.090485
11/8/2012,138.495743
11/9/2012,138.534821
11/12/2012,138.417679
11/13/2012,139.042236
11/14/2012,140.915909
11/15/2012,141.150131
11/16/2012,140.798767
11/19/2012,138.417679
11/20/2012,138.417679
11/21/2012,137.832184
11/23/2012,135.958496
11/26/2012,136.426941
11/27/2012,137.28566
11/28/2012,136.23175
11/29/2012,135.685226
11/30/2012,135.724289
12/3/2012,136.23175
12/4/2012,136.544006
12/5/2012,135.529114
12/6/2012,135.021652
12/7/2012,134.084808
12/10/2012,133.967728
12/11/2012,133.226013
12/12/2012,133.226013
12/13/2012,133.967728
12/14/2012,134.240952
12/17/2012,133.226013
12/18/2012,132.054977
12/19/2012,133.030884
12/20/2012,132.406326
12/21/2012,133.538315
12/24/2012,134.12384
12/26/2012,134.397079
12/27/2012,134.592255
12/28/2012,136.192703
12/31/2012,134.279968
1/2/2013,131.157196
1/3/2013,131.43042
1/4/2013,131.040115
1/7/2013,131.469467
1/8/2013,131.937897
1/9/2013,131.313354
1/10/2013,130.493607
1/11/2013,130.376495
1/14/2013,130.181335
1/15/2013,129.947113
1/16/2013,130.181335
1/17/2013,129.283539
1/18/2013,128.893158
1/22/2013,128.268631
1/23/2013,127.565994
1/24/2013,127.136597
1/25/2013,126.433968
1/28/2013,126.512047
1/29/2013,125.887497
1/30/2013,126.277824
1/31/2013,126.668182
2/1/2013,125.419075
2/4/2013,126.433968
2/5/2013,125.653275
2/6/2013,125.458092
2/7/2013,125.809418
2/8/2013,125.38002
2/11/2013,125.536179
2/12/2013,125.106796
2/13/2013,125.262947
2/14/2013,125.223892
2/15/2013,125.223892
2/19/2013,124.75547
2/20/2013,125.653275
2/21/2013,126.082657
2/22/2013,124.911613
2/25/2013,126.746262
2/26/2013,125.809418
2/27/2013,124.169945
2/28/2013,124.404167
3/1/2013,124.091896
3/4/2013,123.701546
3/5/2013,122.530487
3/6/2013,122.25724
3/7/2013,121.905922
3/8/2013,121.320404
3/11/2013,120.930061
3/12/2013,120.773918
3/13/2013,120.734879
3/14/2013,120.071289
3/15/2013,120.227425
3/18/2013,120.656807
3/19/2013,120.695847
3/20/2013,120.188408
3/21/2013,120.930061
3/22/2013,120.188408
3/25/2013,120.617783
3/26/2013,119.75901
3/27/2013,120.032265
3/28/2013,119.680931
4/1/2013,119.641899
4/2/2013,118.978317
4/3/2013,119.798058
4/4/2013,119.36866
4/5/2013,119.680931
4/8/2013,119.21254
4/9/2013,118.70507
4/10/2013,117.729202
4/11/2013,117.221741
4/12/2013,117.221741
4/15/2013,119.21254
4/16/2013,117.963402
4/17/2013,119.095413
4/18/2013,119.719978
4/19/2013,119.563843
4/22/2013,119.446754
4/23/2013,118.158592
4/24/2013,118.431816
4/25/2013,118.197624
4/26/2013,118.158592
4/29/2013,117.338844
4/30/2013,117.182709
5/1/2013,118.275688
5/2/2013,117.221741
5/3/2013,116.089729
5/6/2013,116.128769
5/7/2013,115.465172
5/8/2013,114.879662
5/9/2013,114.918694
5/10/2013,114.840622
5/13/2013,114.918694
5/14/2013,114.020889
5/15/2013,113.396332
5/16/2013,113.708595
5/17/2013,112.888878
5/20/2013,112.966942
5/21/2013,112.537552
5/22/2013,113.162117
5/23/2013,113.123077
5/24/2013,113.162117
5/28/2013,112.342392
5/29/2013,113.084045
5/30/2013,112.849838
5/31/2013,114.372208
6/3/2013,113.396332
6/4/2013,113.942818
6/5/2013,115.543228
6/6/2013,114.918694
6/7/2013,113.279221
6/10/2013,113.318268
6/11/2013,114.255104
6/12/2013,115.19194
6/13/2013,113.747643
6/14/2013,114.528343
6/17/2013,113.669571
6/18/2013,112.654671
6/19/2013,114.137985
6/20/2013,116.792366
6/21/2013,116.519112
6/24/2013,117.612091
6/25/2013,116.792366
6/26/2013,115.582275
6/27/2013,114.723511
6/28/2013,115.660355
7/1/2013,115.074837
7/2/2013,115.3871
7/3/2013,114.918694
7/5/2013,113.747643
7/8/2013,113.084045
7/9/2013,112.45948
7/10/2013,112.537552
7/11/2013,111.210373
7/12/2013,111.366508
7/15/2013,111.054237
7/16/2013,111.366508
7/17/2013,111.171326
7/18/2013,110.546783
7/19/2013,110.663887
7/22/2013,110.585815
7/23/2013,110.429672
7/24/2013,110.624863
7/25/2013,110.546783
7/26/2013,110.546783
7/29/2013,110.624863
7/30/2013,110.741951
7/31/2013,110.780991
8/1/2013,109.961258
8/2/2013,109.80513
8/5/2013,110.039314
8/6/2013,110.741951
8/7/2013,110.976166
8/8/2013,110.741951
8/9/2013,111.210373
8/12/2013,111.288445
8/13/2013,111.015198
8/14/2013,111.83493
8/15/2013,113.396332
8/16/2013,113.630547
8/19/2013,114.177032
8/20/2013,114.098961
8/21/2013,114.918694
8/22/2013,114.450272
8/23/2013,114.098961
8/26/2013,114.489304
8/27/2013,115.81649
8/28/2013,115.426147
8/29/2013,115.309036
8/30/2013,115.621307
9/3/2013,115.3871
9/4/2013,114.528343
9/5/2013,114.489304
9/6/2013,114.567368
9/9/2013,113.435356
9/10/2013,112.420456
9/11/2013,111.444572
9/12/2013,111.678802
9/13/2013,111.054237
9/16/2013,110.117393
9/17/2013,109.922226
9/18/2013,108.868279
9/19/2013,109.180557
9/20/2013,110.312561
9/23/2013,110.820015
9/24/2013,111.249405
9/25/2013,111.717819
9/26/2013,111.327484
9/27/2013,111.913002
9/30/2013,112.771759
10/1/2013,112.303345
10/2/2013,112.810799
10/3/2013,113.708595
10/4/2013,113.123077
10/7/2013,114.177032
10/8/2013,115.348076
10/9/2013,115.074837
10/10/2013,112.576599
10/11/2013,111.756859
10/14/2013,111.249405
10/15/2013,112.303345
10/16/2013,110.780991
10/17/2013,110.741951
10/18/2013,110.546783
10/21/2013,110.585815
10/22/2013,110.000282
10/23/2013,110.429672
10/24/2013,109.688019
10/25/2013,109.297676
10/28/2013,109.219604
10/29/2013,108.51696
10/30/2013,108.946358
10/31/2013,109.336708
11/1/2013,108.907318
11/4/2013,108.751175
11/5/2013,108.907318
11/6/2013,107.931435
11/7/2013,108.868279
11/8/2013,107.69722
11/11/2013,107.658195
11/12/2013,107.853371
11/13/2013,107.267845
11/14/2013,106.838478
11/15/2013,106.331009
11/18/2013,106.213905
11/19/2013,106.25293
11/20/2013,106.643288
11/21/2013,105.901619
11/22/2013,105.550323
11/25/2013,105.433212
11/26/2013,105.394165
11/27/2013,105.238037
11/29/2013,105.277061
12/2/2013,105.823563
12/3/2013,106.409088
12/4/2013,106.526199
12/5/2013,106.994598
12/6/2013,105.58934
12/9/2013,105.58934
12/10/2013,105.901619
12/11/2013,106.760399
12/12/2013,107.384956
12/13/2013,107.267845
12/16/2013,106.409088
12/17/2013,106.448128
12/18/2013,104.496368
12/19/2013,104.418304
12/20/2013,103.98893
12/23/2013,103.637611
12/24/2013,103.325325
12/26/2013,102.466553
12/27/2013,102.544632
12/30/2013,102.388496
12/31/2013,101.920074
1/2/2014,102.661743
1/3/2014,102.5056
1/6/2014,102.778824
1/7/2014,102.115242
1/8/2014,102.466553
1/9/2014,102.583672
1/10/2014,102.622696
1/13/2014,103.754715
1/14/2014,103.013054
1/15/2014,102.349457
1/16/2014,102.661743
1/17/2014,102.5056
1/21/2014,102.739815
1/22/2014,102.934982
1/23/2014,104.027962
1/24/2014,106.01873
1/27/2014,106.331009
1/28/2014,105.745483
1/29/2014,106.994598
1/30/2014,106.291969
1/31/2014,107.267845
2/3/2014,109.492828
2/4/2014,109.024422
2/5/2014,109.024422
2/6/2014,107.580132
2/7/2014,106.409088
2/10/2014,106.409088
2/11/2014,105.159973
2/12/2014,105.042854
2/13/2014,104.691544
2/14/2014,103.910858
2/18/2014,103.98893
2/19/2014,104.574455
2/20/2014,103.910858
2/21/2014,104.106033
2/24/2014,103.520493
2/25/2014,103.637611
2/26/2014,103.442436
2/27/2014,102.974014
2/28/2014,102.661743
3/3/2014,103.637611
3/4/2014,102.193321
3/5/2014,102.388496
3/6/2014,101.959106
3/7/2014,101.802956
3/10/2014,101.959106
3/11/2014,102.388496
3/12/2014,102.427528
3/13/2014,103.832787
3/14/2014,104.145065
3/17/2014,102.974014
3/18/2014,102.349457
3/19/2014,103.052078
3/20/2014,102.310417
3/21/2014,102.583672
3/24/2014,102.700768
3/25/2014,102.115242
3/26/2014,102.739815
3/27/2014,102.778824
3/28/2014,102.427528
3/31/2014,101.568756
4/1/2014,101.100334
4/2/2014,100.866142
4/3/2014,100.827095
4/4/2014,101.763939
4/7/2014,102.817886
4/8/2014,102.739815
4/9/2014,101.568756
4/10/2014,103.208221
4/11/2014,104.145065
4/14/2014,103.169189
4/15/2014,102.622696
4/16/2014,101.568756
4/17/2014,101.64682
4/21/2014,101.451653
4/22/2014,100.983231
4/23/2014,101.061302
4/24/2014,101.061302
4/25/2014,101.881027
4/28/2014,101.373589
4/29/2014,100.827095
4/30/2014,100.553856
5/1/2014,100.709984
5/2/2014,100.983231
5/5/2014,100.827095
5/6/2014,101.607796
5/7/2014,100.788071
5/8/2014,100.63192
5/9/2014,100.358673
5/12/2014,99.656052
5/13/2014,99.53894
5/14/2014,100.124466
5/15/2014,100.983231
5/16/2014,100.788071
5/19/2014,100.592888
5/20/2014,101.412621
5/21/2014,100.475784
5/22/2014,100.397705
5/23/2014,99.929291
5/27/2014,99.57798
5/28/2014,99.773132
5/29/2014,99.421837
5/30/2014,99.265701
6/2/2014,99.109558
6/3/2014,99.226662
6/4/2014,99.148598
6/5/2014,98.485001
6/6/2014,98.016594
6/9/2014,97.860443
6/10/2014,97.821396
6/11/2014,98.445976
6/12/2014,99.031502
6/13/2014,98.836327
6/16/2014,98.719223
6/17/2014,98.524048
6/18/2014,98.055626
6/19/2014,97.977547
6/20/2014,97.704308
6/23/2014,97.860443
6/24/2014,98.485001
6/25/2014,98.172729
6/26/2014,98.367897
6/27/2014,98.289841
6/30/2014,98.445976
7/1/2014,97.665268
7/2/2014,97.548172
7/3/2014,97.040726
7/7/2014,97.313965
7/8/2014,97.860443
7/9/2014,97.431053
7/10/2014,97.74334
7/11/2014,97.626244
7/14/2014,97.001678
7/15/2014,96.962639
7/16/2014,96.533249
7/17/2014,97.431053
7/18/2014,96.728439
7/21/2014,96.962639
7/22/2014,96.572296
7/23/2014,96.728439
7/24/2014,96.767479
7/25/2014,97.470093
7/28/2014,97.313965
7/29/2014,97.704308
7/30/2014,97.89949
7/31/2014,99.695084
8/1/2014,100.202538
8/4/2014,99.695084
8/5/2014,100.553856
8/6/2014,100.358673
8/7/2014,100.788071
8/8/2014,99.695084
8/11/2014,99.53894
8/12/2014,99.57798
8/13/2014,98.99247
8/14/2014,98.602112
8/15/2014,98.875351
8/18/2014,97.821396
8/19/2014,97.352989
8/20/2014,96.962639
8/21/2014,96.611328
8/22/2014,96.806496
8/25/2014,96.338081
8/26/2014,96.181946
8/27/2014,96.142914
8/28/2014,96.260002
8/29/2014,96.181946
9/2/2014,96.260002
9/3/2014,96.299057
9/4/2014,96.338081
9/5/2014,95.986763
9/8/2014,96.064835
9/9/2014,96.572296
9/10/2014,96.260002
9/11/2014,96.377113
9/12/2014,96.6894
9/15/2014,96.494217
9/16/2014,95.869675
9/17/2014,95.752556
9/18/2014,95.167023
9/19/2014,94.971863
9/22/2014,95.596413
9/23/2014,96.181946
9/24/2014,95.362213
9/25/2014,96.806496
9/26/2014,95.908699
9/29/2014,96.142914
9/30/2014,96.260002
10/1/2014,97.626244
10/2/2014,97.665268
10/3/2014,96.416153
10/6/2014,96.494217
10/7/2014,98.055626
10/8/2014,96.455185
10/9/2014,98.250793
10/10/2014,98.99247
10/13/2014,100.319649
10/14/2014,100.319649
10/15/2014,101.334541
10/16/2014,101.64682
10/17/2014,99.890266
10/20/2014,99.734108
10/21/2014,98.367897
10/22/2014,99.226662
10/23/2014,98.016594
10/24/2014,97.235878
10/27/2014,97.157814
10/28/2014,96.103882
10/29/2014,96.220985
10/30/2014,94.971863
10/31/2014,94.035011
11/3/2014,94.074074
11/4/2014,93.995987
11/5/2014,93.410469
11/6/2014,93.020126
11/7/2014,92.863983
11/10/2014,92.668808
11/11/2014,92.629776
11/12/2014,92.551697
11/13/2014,92.356522
11/14/2014,92.434601
11/17/2014,92.317497
11/18/2014,92.044258
11/19/2014,92.083282
11/20/2014,91.927147
11/21/2014,91.497765
11/24/2014,91.380653
11/25/2014,91.341621
11/26/2014,91.302582
11/28/2014,91.224525
12/1/2014,91.497765
12/2/2014,91.02935
12/3/2014,90.834152
12/4/2014,90.912239
12/5/2014,90.482849
12/8/2014,91.068375
12/9/2014,91.26355
12/10/2014,92.668808
12/11/2014,92.27845
12/12/2014,93.839867
12/15/2014,94.503448
12/16/2014,95.010887
12/17/2014,93.488556
12/18/2014,91.224525
12/19/2014,91.02935
12/22/2014,90.209602
12/23/2014,89.936356
12/24/2014,89.858292
12/26/2014,89.702164
12/29/2014,89.858292
12/30/2014,90.131538
12/31/2014,90.873192
1/2/2015,90.873192
1/5/2015,92.434601
1/6/2015,93.215286
1/7/2015,92.083282
1/8/2015,90.365753
1/9/2015,91.185486
1/12/2015,91.692924
1/13/2015,91.810028
1/14/2015,92.863983
1/15/2015,93.332405
1/16/2015,92.356522
1/20/2015,92.317497
1/21/2015,92.083282
1/22/2015,90.678032
1/23/2015,91.458725
1/26/2015,91.458725
1/27/2015,92.863983
1/28/2015,93.917923
1/29/2015,92.74688
1/30/2015,94.074074
2/2/2015,93.059151
2/3/2015,91.419685
2/4/2015,91.341621
2/5/2015,90.287674
2/6/2015,90.44381
2/9/2015,90.912239
2/10/2015,90.248634
2/11/2015,90.170563
2/12/2015,89.585045
2/13/2015,89.350838
2/17/2015,89.233742
2/18/2015,89.272766
2/19/2015,89.350838
2/20/2015,88.648201
2/23/2015,88.726273
2/24/2015,88.257881
2/25/2015,88.257881
2/26/2015,88.179794
2/27/2015,88.570137
3/2/2015,87.906555
3/3/2015,88.257881
3/4/2015,88.804352
3/5/2015,88.609177
3/6/2015,89.897331
3/9/2015,89.272766
3/10/2015,90.79512
3/11/2015,90.912239
3/12/2015,89.624084
3/13/2015,90.326721
3/16/2015,89.15567
3/17/2015,89.74118
3/18/2015,88.648201
3/19/2015,89.233742
3/20/2015,88.414001
3/23/2015,88.453033
3/24/2015,88.960487
3/25/2015,90.365753
3/26/2015,90.59996
3/27/2015,90.404785
3/30/2015,89.077591
3/31/2015,89.975403
4/1/2015,90.44381
4/2/2015,90.092499
4/6/2015,89.506981
4/7/2015,89.546005
4/8/2015,89.428902
4/9/2015,89.116623
4/10/2015,88.570137
4/13/2015,88.960487
4/14/2015,88.687256
4/15/2015,88.335945
4/16/2015,88.296906
4/17/2015,89.702164
4/20/2015,88.648201
4/21/2015,89.038551
4/22/2015,88.648201
4/23/2015,88.414001
4/24/2015,88.374969
4/27/2015,88.570137
4/28/2015,88.257881
4/29/2015,88.609177
4/30/2015,89.546005
5/1/2015,88.687256
5/4/2015,88.453033
5/5/2015,89.116623
5/6/2015,89.428902
5/7/2015,88.999527
5/8/2015,87.711372
5/11/2015,88.023651
5/12/2015,88.218834
5/13/2015,88.179794
5/14/2015,87.321022
5/15/2015,87.164879
5/18/2015,87.008743
5/19/2015,86.930687
5/20/2015,87.008743
5/21/2015,86.969727
5/22/2015,87.24295
5/26/2015,88.10173
5/27/2015,87.555237
5/28/2015,87.633324
5/29/2015,88.218834
6/1/2015,88.10173
6/2/2015,88.218834
6/3/2015,87.867523
6/4/2015,88.726273
6/5/2015,88.999527
6/8/2015,89.389877
6/9/2015,89.585045
6/10/2015,88.257881
6/11/2015,87.984627
6/12/2015,88.648201
6/15/2015,89.15567
6/16/2015,88.609177
6/17/2015,88.492073
6/18/2015,87.633324
6/19/2015,88.062683
6/22/2015,87.516205
6/23/2015,87.477158
6/24/2015,88.218834
6/25/2015,88.648201
6/26/2015,88.374969
6/29/2015,90.014427
6/30/2015,89.975403
7/1/2015,89.194702
7/2/2015,89.350838
7/6/2015,89.506981
7/7/2015,89.038551
7/8/2015,90.326721
7/9/2015,90.170563
7/10/2015,89.116623
7/13/2015,88.10173
7/14/2015,87.67234
7/15/2015,87.67234
7/16/2015,87.321022
7/17/2015,87.516205
7/20/2015,87.399086
7/21/2015,88.218834
7/22/2015,88.570137
7/23/2015,89.15567
7/24/2015,89.936356
7/27/2015,90.560921
7/28/2015,89.624084
7/29/2015,89.077591
7/30/2015,89.038551
7/31/2015,89.350838
8/3/2015,89.81926
8/4/2015,90.014427
8/5/2015,90.053482
8/6/2015,90.560921
8/7/2015,90.79512
8/10/2015,89.546005
8/11/2015,90.59996
8/12/2015,90.560921
8/13/2015,90.521889
8/14/2015,90.170563
8/17/2015,89.780228
8/18/2015,89.975403
8/19/2015,90.717056
8/20/2015,92.629776
8/21/2015,95.440285
8/24/2015,98.99247
8/25/2015,100.085411
8/26/2015,96.142914
8/27/2015,93.95694
8/28/2015,94.113091
8/31/2015,94.698616
9/1/2015,97.392029
9/2/2015,95.518349
9/3/2015,95.401253
9/4/2015,97.001678
9/8/2015,94.659584
9/9/2015,95.986763
9/10/2015,95.596413
9/11/2015,94.932816
9/14/2015,95.284134
9/15/2015,93.917923
9/16/2015,93.176277
9/17/2015,93.488556
9/18/2015,95.167023
9/21/2015,94.347298
9/22/2015,95.401253
9/23/2015,95.674492
9/24/2015,96.103882
9/25/2015,95.440285
9/28/2015,97.235878
9/29/2015,97.07975
9/30/2015,95.635452
10/1/2015,95.674492
10/2/2015,94.503448
10/5/2015,92.74688
10/6/2015,92.590744
10/7/2015,91.927147
10/8/2015,91.185486
10/9/2015,90.990303
10/12/2015,90.717056
10/13/2015,91.02935
10/14/2015,91.810028
10/15/2015,90.59996
10/16/2015,90.248634
10/19/2015,90.131538
10/20/2015,90.170563
10/21/2015,90.44381
10/22/2015,88.76532
10/23/2015,87.906555
10/26/2015,88.062683
10/27/2015,88.296906
10/28/2015,87.24295
10/29/2015,87.360069
10/30/2015,87.867523
11/2/2015,86.969727
11/3/2015,86.540337
11/4/2015,86.774544
11/5/2015,86.696457
11/6/2015,86.540337
11/9/2015,87.360069
11/10/2015,87.203934
11/11/2015,87.399086
11/12/2015,88.687256
11/13/2015,89.702164
11/16/2015,88.453033
11/17/2015,88.374969
11/18/2015,87.125862
11/19/2015,87.125862
11/20/2015,86.657433
11/23/2015,86.813576
11/24/2015,86.657433
11/25/2015,86.657433
11/27/2015,86.696457
11/30/2015,87.008743
12/1/2015,86.228065
12/2/2015,86.930687
12/3/2015,88.140747
12/4/2015,86.267082
12/7/2015,86.852615
12/8/2015,87.594269
12/9/2015,87.984627
12/10/2015,87.516205
12/11/2015,89.15567
12/14/2015,88.570137
12/15/2015,87.711372
12/16/2015,86.696457
12/17/2015,87.867523
12/18/2015,89.74118
12/21/2015,89.077591
12/22/2015,88.218834
12/23/2015,87.321022
12/24/2015,87.516205
12/28/2015,87.633324
12/29/2015,86.774544
12/30/2015,87.321022
12/31/2015,88.218834
1/4/2016,89.546005
1/5/2016,89.506981
1/6/2016,90.79512
1/7/2016,92.863983
1/8/2016,93.800835
1/11/2016,93.527573
1/12/2016,92.785904
1/13/2016,94.854744
1/14/2016,93.566605
1/15/2016,95.752556
1/19/2016,95.518349
1/20/2016,97.001678
1/21/2016,96.299057
1/22/2016,95.010887
1/25/2016,96.299057
1/26/2016,94.542465
1/27/2016,95.869675
1/28/2016,95.088959
1/29/2016,92.863983
2/1/2016,92.942055
2/2/2016,94.503448
2/3/2016,93.449516
2/4/2016,92.981079
2/5/2016,94.191154
2/8/2016,95.088959
2/9/2016,95.20607
2/10/2016,95.674492
2/11/2016,97.235878
2/12/2016,95.284134
2/16/2016,93.917923
2/17/2016,92.395569
2/18/2016,92.629776
2/19/2016,92.707832
2/22/2016,91.380653
2/23/2016,92.395569
2/24/2016,92.122322
2/25/2016,90.951263
2/26/2016,91.185486
2/29/2016,91.888107
3/1/2016,89.975403
3/2/2016,89.74118
3/3/2016,89.467941
3/4/2016,89.15567
3/7/2016,88.804352
3/8/2016,89.311798
3/9/2016,89.077591
3/10/2016,89.15567
3/11/2016,88.023651
3/14/2016,87.906555
3/15/2016,87.750412
3/16/2016,87.399086
3/17/2016,86.579369
3/18/2016,85.993835
3/21/2016,85.87674
3/22/2016,86.071907
3/23/2016,86.423218
3/24/2016,86.462265
3/28/2016,86.306122
3/29/2016,85.8377
3/30/2016,85.44735
3/31/2016,85.6035
4/1/2016,85.057007
4/4/2016,85.291206
4/5/2016,85.87674
4/6/2016,85.330246
4/7/2016,86.189011
4/8/2016,86.032875
4/11/2016,86.149979
4/12/2016,85.330246
4/13/2016,84.432442
4/14/2016,84.315346
4/15/2016,84.39341
4/18/2016,83.964027
4/19/2016,83.72982
4/20/2016,83.495598
4/21/2016,84.003059
4/22/2016,83.885956
4/25/2016,84.003059
4/26/2016,83.964027
4/27/2016,83.690788
4/28/2016,84.627617
4/29/2016,84.939896
5/2/2016,84.432442
5/3/2016,85.096031
5/4/2016,85.564461
5/5/2016,85.486389
5/6/2016,85.057007
5/9/2016,85.174095
5/10/2016,84.081139
5/11/2016,85.017967
5/12/2016,84.978935
5/13/2016,85.87674
5/16/2016,85.057007
5/17/2016,85.87674
5/18/2016,85.759621
5/19/2016,86.267082
5/20/2016,85.87674
5/23/2016,85.87674
5/24/2016,84.861824
5/25/2016,84.198227
5/26/2016,84.315346
5/27/2016,84.120155
5/31/2016,84.432442
6/1/2016,84.471481
6/2/2016,84.237289
6/3/2016,84.354362
6/6/2016,83.72982
6/7/2016,83.651756
6/8/2016,83.378502
6/9/2016,83.456558
6/10/2016,83.964027
6/13/2016,84.588593
6/14/2016,84.900864
6/15/2016,84.978935
6/16/2016,84.549561
6/17/2016,84.861824
6/20/2016,84.198227
6/21/2016,84.081139
6/22/2016,84.354362
6/23/2016,83.261398
6/24/2016,85.993835
6/27/2016,87.282005
6/28/2016,85.993835
6/29/2016,84.588593
6/30/2016,83.417542
7/1/2016,83.30043
7/5/2016,83.768837
7/6/2016,83.417542
7/7/2016,83.495598
7/8/2016,82.402641
7/11/2016,82.012291
7/12/2016,81.387741
7/13/2016,81.270615
7/14/2016,80.763184
7/15/2016,80.724129
7/18/2016,80.567993
7/19/2016,80.489929
7/20/2016,80.37281
7/21/2016,80.607018
7/22/2016,80.411865
7/25/2016,80.685104
7/26/2016,80.84124
7/27/2016,80.763184
7/28/2016,80.880264
7/29/2016,80.958344
8/1/2016,81.075455
8/2/2016,81.504822
8/3/2016,81.348686
8/4/2016,81.309662
8/5/2016,80.528946
8/8/2016,80.411865
8/9/2016,80.45089
8/10/2016,80.567993
8/11/2016,80.060539
8/12/2016,80.138611
8/15/2016,79.943436
8/16/2016,80.255714
8/17/2016,80.099571
8/18/2016,80.0215
8/19/2016,80.17765
8/22/2016,80.255714
8/23/2016,80.17765
8/24/2016,80.411865
8/25/2016,80.607018
8/26/2016,80.802208
8/29/2016,80.37281
8/30/2016,80.528946
8/31/2016,80.763184
9/1/2016,80.685104
9/2/2016,80.333786
9/6/2016,80.17765
9/7/2016,80.17765
9/8/2016,80.37281
9/9/2016,82.051323
9/12/2016,80.997383
9/13/2016,82.09037
9/14/2016,82.207458
9/15/2016,81.465805
9/16/2016,81.778076
9/19/2016,81.817123
9/20/2016,81.778076
9/21/2016,81.036407
9/22/2016,80.567993
9/23/2016,81.153526
9/26/2016,81.89518
9/27/2016,81.270615
9/28/2016,80.880264
9/29/2016,81.621925
9/30/2016,80.958344
10/3/2016,81.153526
10/4/2016,81.543861
10/5/2016,81.075455
10/6/2016,80.997383
10/7/2016,81.153526
10/10/2016,80.84124
10/11/2016,81.582893
10/12/2016,81.543861
10/13/2016,81.778076
10/14/2016,81.621925
10/17/2016,81.89518
10/18/2016,81.582893
10/19/2016,81.270615
10/20/2016,81.426765
10/21/2016,81.543861
10/24/2016,81.23159
10/25/2016,81.387741
10/26/2016,81.270615
10/27/2016,81.426765
10/28/2016,81.426765
10/31/2016,81.504822
11/1/2016,82.051323
11/2/2016,82.363602
11/3/2016,82.519737
11/4/2016,82.675888
11/7/2016,80.997383
11/8/2016,80.489929
11/9/2016,79.435989
11/10/2016,78.499138
11/11/2016,78.303963
11/14/2016,78.14782
11/15/2016,77.991692
11/16/2016,78.069756
11/17/2016,77.913612
11/18/2016,78.108788
11/21/2016,77.71846
11/22/2016,77.406158
11/23/2016,77.211006
11/25/2016,76.976776
11/28/2016,77.132935
11/29/2016,76.976776
11/30/2016,76.89872
12/1/2016,76.625481
12/2/2016,76.742569
12/5/2016,76.586441
12/6/2016,76.43029
12/7/2016,75.259254
12/8/2016,74.907936
12/9/2016,74.439522
12/12/2016,74.244347
12/13/2016,73.893036
12/14/2016,74.283386
12/15/2016,74.049164
12/16/2016,74.049164
12/19/2016,73.9711
12/20/2016,73.619781
12/21/2016,73.658813
12/22/2016,73.736885
12/23/2016,73.697845
12/27/2016,73.697845
12/28/2016,74.088196
12/29/2016,74.127235
12/30/2016,74.322411
1/3/2017,73.932068
1/4/2017,73.697845
1/5/2017,73.814964
1/6/2017,73.619781
1/9/2017,73.775932
1/10/2017,74.010124
1/11/2017,73.658813
1/12/2017,73.814964
1/13/2017,73.932068
1/17/2017,74.049164
1/18/2017,74.166267
1/19/2017,74.361443
1/20/2017,74.088196
1/23/2017,74.127235
1/24/2017,73.736885
1/25/2017,73.11232
1/26/2017,72.995224
1/27/2017,73.034248
1/30/2017,73.463654
1/31/2017,73.853989
2/1/2017,73.814964
2/2/2017,73.853989
2/3/2017,73.190399
2/6/2017,73.151375
2/7/2017,73.073296
2/8/2017,73.073296
2/9/2017,72.682938
2/10/2017,72.253563
2/13/2017,71.824181
2/14/2017,71.433823
2/15/2017,71.043495
2/16/2017,70.926384
2/17/2017,70.965408
2/21/2017,70.614098
2/22/2017,70.497002
2/23/2017,70.340866
2/24/2017,70.340866
2/27/2017,70.223747
2/28/2017,70.223747
3/1/2017,69.286911
3/2/2017,69.599197
3/3/2017,69.638229
3/6/2017,69.755348
3/7/2017,69.872421
3/8/2017,70.02858
3/9/2017,69.98954
3/10/2017,69.833397
3/13/2017,69.872421
3/14/2017,70.106644
3/15/2017,69.755348
3/16/2017,69.716293
3/17/2017,69.833397
3/20/2017,69.872421
3/21/2017,70.614098
3/22/2017,70.692162
3/23/2017,70.731209
3/24/2017,70.887337
3/27/2017,71.08252
3/28/2017,70.536018
3/29/2017,70.614098
3/30/2017,70.497002
3/31/2017,70.653145
4/3/2017,70.731209
4/4/2017,70.536018
4/5/2017,70.692162
4/6/2017,70.653145
4/7/2017,70.692162
4/10/2017,70.692162
4/11/2017,70.653145
4/12/2017,70.965408
4/13/2017,71.355759
4/17/2017,70.770233
4/18/2017,71.121552
4/19/2017,71.511894
4/20/2017,70.926384
4/21/2017,71.043495
4/24/2017,70.223747
4/25/2017,69.443054
4/26/2017,69.482086
4/27/2017,69.521118
4/28/2017,69.638229
5/1/2017,69.716293
5/2/2017,69.599197
5/3/2017,69.677277
5/4/2017,69.677277
5/5/2017,69.404022
5/8/2017,69.36499
5/9/2017,69.521118
5/10/2017,69.560143
5/11/2017,69.638229
5/12/2017,69.716293
5/15/2017,69.443054
5/16/2017,69.443054
5/17/2017,70.614098
5/18/2017,70.41893
5/19/2017,69.950493
5/22/2017,69.677277
5/23/2017,69.521118
5/24/2017,69.286911
5/25/2017,68.974625
5/26/2017,69.052704
5/30/2017,69.130775
5/31/2017,69.1698
6/1/2017,68.779472
6/2/2017,68.545242
6/5/2017,68.584267
6/6/2017,68.818481
6/7/2017,68.662346
6/8/2017,68.623314
6/9/2017,68.311028
6/12/2017,68.50621
6/13/2017,68.154892
6/14/2017,67.998756
6/15/2017,68.037781
6/16/2017,67.920685
6/19/2017,67.491302
6/20/2017,67.68647
6/21/2017,67.842613
6/22/2017,67.920685
6/23/2017,67.920685
6/26/2017,67.842613
6/27/2017,68.193939
6/28/2017,67.68647
6/29/2017,68.232971
6/30/2017,68.076836
7/3/2017,67.725517
7/5/2017,67.647446
7/6/2017,68.037781
7/7/2017,67.842613
7/10/2017,67.803596
7/11/2017,67.881653
7/12/2017,67.491302
7/13/2017,67.374199
7/14/2017,67.06192
7/17/2017,67.06192
7/18/2017,67.335167
7/19/2017,67.06192
7/20/2017,67.179016
7/21/2017,67.296127
7/24/2017,67.491302
7/25/2017,67.218056
7/26/2017,66.944832
7/27/2017,66.671585
7/28/2017,66.476402
7/31/2017,66.320259
8/1/2017,66.164124
8/2/2017,66.007988
8/3/2017,65.968948
8/4/2017,65.812805
8/7/2017,65.695702
8/8/2017,65.734734
8/9/2017,65.773773
8/10/2017,66.437363
8/11/2017,66.320259
8/14/2017,65.929924
8/15/2017,65.890877
8/16/2017,65.773773
8/17/2017,66.593498
8/18/2017,66.905792
8/21/2017,66.788696
8/22/2017,66.242188
8/23/2017,66.437363
8/24/2017,66.554466
8/25/2017,66.398338
8/28/2017,66.515442
8/29/2017,66.203163
8/30/2017,66.125092
8/31/2017,65.929924
9/1/2017,65.812805
9/5/2017,66.593498
9/6/2017,66.359314
9/7/2017,66.476402
9/8/2017,66.359314
9/11/2017,65.61763
9/12/2017,65.461494
9/13/2017,65.266319
9/14/2017,65.188248
9/15/2017,64.99308
9/18/2017,64.758865
9/19/2017,64.719826
9/20/2017,64.602737
9/21/2017,64.758865
9/22/2017,64.836937
9/25/2017,64.99308
9/26/2017,64.915001
9/27/2017,64.758865
9/28/2017,64.680809
9/29/2017,64.602737
10/2/2017,64.17334
10/3/2017,63.978168
10/4/2017,63.861069
10/5/2017,63.587822
10/6/2017,63.548798
10/9/2017,63.587822
10/10/2017,63.392647
10/11/2017,63.275539
10/12/2017,63.353603
10/13/2017,63.275539
10/16/2017,63.041328
10/17/2017,62.924236
10/18/2017,62.57291
10/19/2017,62.533882
10/20/2017,62.026428
10/23/2017,62.143532
10/24/2017,61.753178
10/25/2017,62.06546
10/26/2017,61.870285
10/27/2017,61.792221
10/30/2017,62.026428
10/31/2017,61.948353
11/1/2017,61.792221
11/2/2017,61.55801
11/3/2017,61.55801
11/6/2017,61.440895
11/7/2017,61.479939
11/8/2017,61.440895
11/9/2017,61.636082
11/10/2017,61.753178
11/13/2017,61.675114
11/14/2017,61.792221
11/15/2017,62.143532
11/16/2017,61.597042
11/17/2017,61.909321
11/20/2017,61.675114
11/21/2017,61.28476
11/22/2017,61.362831
11/24/2017,61.362831
11/27/2017,61.28476
11/28/2017,60.582134
11/29/2017,60.308891
11/30/2017,59.489159
12/1/2017,59.567238
12/4/2017,59.411087
12/5/2017,59.645298
12/6/2017,59.762409
12/7/2017,59.567238
12/8/2017,59.254948
12/11/2017,59.176872
12/12/2017,58.825565
12/13/2017,58.591354
12/14/2017,58.864601
12/15/2017,58.513283
12/18/2017,58.201008
12/19/2017,58.24004
12/20/2017,58.318111
12/21/2017,58.24004
12/22/2017,58.318111
12/26/2017,58.259537
12/27/2017,58.259537
12/28/2017,58.142399
12/29/2017,58.337635
1/2/2018,58.142399
1/3/2018,57.869064
1/4/2018,57.517628
1/5/2018,57.0881
1/8/2018,57.049057
1/9/2018,56.853817
1/10/2018,56.853817
1/11/2018,56.463329
1/12/2018,55.955711
1/16/2018,55.955711
1/17/2018,55.252842
1/18/2018,55.487133
1/19/2018,55.369995
1/22/2018,55.018555
1/23/2018,55.018555
1/24/2018,54.901413
1/25/2018,54.628086
1/26/2018,54.276646
1/29/2018,54.589031
1/30/2018,55.252842
1/31/2018,55.135704
2/1/2018,55.135704
2/2/2018,56.502377
2/5/2018,59.157642
2/6/2018,57.67382
2/7/2018,57.751915
2/8/2018,60.211933
2/9/2018,59.274784
2/12/2018,58.259537
2/13/2018,58.220493
2/14/2018,57.595726
2/15/2018,56.814766
2/16/2018,56.814766
2/20/2018,57.40049
2/21/2018,57.790962
2/22/2018,57.361439
2/23/2018,56.580475
2/26/2018,55.721424
2/27/2018,56.307148
2/28/2018,57.205246
3/1/2018,58.142399
3/2/2018,58.337635
3/5/2018,57.517628
3/6/2018,57.517628
3/7/2018,57.634769
3/8/2018,57.40049
3/9/2018,56.463329
3/12/2018,56.775711
3/13/2018,57.127151
3/14/2018,57.751915
3/15/2018,57.47858
3/16/2018,57.361439
3/19/2018,58.103344
3/20/2018,57.751915
3/21/2018,57.884804
3/22/2018,59.643635
3/23/2018,60.698925
3/26/2018,58.940098
3/27/2018,59.799973
3/28/2018,59.878132
3/29/2018,59.057354
4/2/2018,60.386242
4/3/2018,59.330944
4/4/2018,58.822849
4/5/2018,58.236572
4/6/2018,59.526375
4/9/2018,59.487286
4/10/2018,58.39291
4/11/2018,58.940098
4/12/2018,58.197487
4/13/2018,58.471085
4/16/2018,58.041142
4/17/2018,57.493958
4/18/2018,57.572124
4/19/2018,57.806637
4/20/2018,58.236572
4/23/2018,58.353828
4/24/2018,59.330944
4/25/2018,59.213692
4/26/2018,58.627415
4/27/2018,58.666504
4/30/2018,58.940098
5/1/2018,59.135525
5/2/2018,59.565456
5/3/2018,59.565456
5/4/2018,58.744671
5/7/2018,58.549248
5/8/2018,58.588329
5/9/2018,58.119316
5/10/2018,57.611214
5/11/2018,57.376698
5/14/2018,57.220364
5/15/2018,57.689377
5/16/2018,57.572124
5/17/2018,57.533043
5/18/2018,57.650295
5/21/2018,56.946766
5/22/2018,57.337616
5/23/2018,57.220364
5/24/2018,57.376698
5/25/2018,57.5135
5/29/2018,58.422218
5/30/2018,57.650295
5/31/2018,58.256107
6/1/2018,57.738232
6/4/2018,57.318069
6/5/2018,57.327843
6/6/2018,56.536377
6/7/2018,56.350723
6/8/2018,56.184608
6/11/2018,56.165066
6/12/2018,56.174839
6/13/2018,56.448433
6/14/2018,56.497288
6/15/2018,56.692715
6/18/2018,56.927223
6/19/2018,57.581894
6/20/2018,57.688618
6/21/2018,58.158585
6/22/2018,57.864857
6/25/2018,58.648132
6/26/2018,58.608974
6/27/2018,58.990822
6/28/2018,58.736263
6/29/2018,58.618759
7/2/2018,58.579597
7/3/2018,58.853748
7/5/2018,58.452312
7/6/2018,58.207542
7/9/2018,57.424267
7/10/2018,57.09137
7/11/2018,57.600502
7/12/2018,57.11095
7/13/2018,56.875965
7/16/2018,56.797634
7/17/2018,56.670353
7/18/2018,56.484318
7/19/2018,56.768261
7/20/2018,56.80743
7/23/2018,56.827015
7/24/2018,56.425583
7/25/2018,55.994774
7/26/2018,55.779373
7/27/2018,55.975193
7/30/2018,56.278713
7/31/2018,56.043728
8/1/2018,56.229759
8/2/2018,56.229759
8/3/2018,55.975193
8/6/2018,55.8577
8/7/2018,55.573761
8/8/2018,55.720627
8/9/2018,55.798954
8/10/2018,56.239552
8/13/2018,56.523483
8/14/2018,56.278713
8/15/2018,56.55286
8/16/2018,55.681465
8/17/2018,55.40731
8/20/2018,55.231075
8/21/2018,55.084213
8/22/2018,55.299614
8/23/2018,55.456268
8/24/2018,55.16254
8/27/2018,54.584869
8/28/2018,54.584869
8/29/2018,54.438004
8/30/2018,54.731735
8/31/2018,54.790478
9/4/2018,54.780682
9/5/2018,54.770897
9/6/2018,54.69257
9/7/2018,54.878601
9/10/2018,55.005878
9/11/2018,54.761105
9/12/2018,54.712147
9/13/2018,54.398842
9/14/2018,54.398842
9/17/2018,54.604458
9/18/2018,54.212811
9/19/2018,53.889706
9/20/2018,53.380577
9/21/2018,53.263084
9/24/2018,53.605766
9/25/2018,53.723259
9/26/2018,53.952068
9/27/2018,53.834225
9/28/2018,53.834225
10/1/2018,53.411961
10/2/2018,53.195915
10/3/2018,53.097717
10/4/2018,53.50034
10/5/2018,53.863686
10/8/2018,53.765484
10/9/2018,53.89315
10/10/2018,55.562576
10/11/2018,56.809738
10/12/2018,56.151791
10/15/2018,56.377651
10/16/2018,55.140312
10/17/2018,55.346535
10/18/2018,56.043766
10/19/2018,55.906288
10/22/2018,56.171429
10/23/2018,56.446392
10/24/2018,57.840858
10/25/2018,56.878483
10/26/2018,57.59536
10/29/2018,58.145283
10/30/2018,57.143627
10/31/2018,56.5937
11/1/2018,56.004482
11/2/2018,56.30891
11/5/2018,55.867001
11/6/2018,55.474197
11/7/2018,54.285961
11/8/2018,54.227036
11/9/2018,54.6493
11/12/2018,55.906288
11/13/2018,56.141968
11/14/2018,56.583874
11/15/2018,56.102692
11/16/2018,55.808086
11/19/2018,56.721355
11/20/2018,57.968525
11/21/2018,57.958706
11/23/2018,58.410431
11/26/2018,57.565895
11/27/2018,57.281116
11/28/2018,55.857185
11/29/2018,55.886646
11/30/2018,55.503658
12/3/2018,54.806423
12/4/2018,56.495495
12/6/2018,56.701721
12/7/2018,57.958706
12/10/2018,57.899784
12/11/2018,58.027443
12/12/2018,57.644455
12/13/2018,57.506977
12/14/2018,58.675575
12/17/2018,59.873642
12/18/2018,59.716518
12/19/2018,60.570869
12/20/2018,61.82785
12/21/2018,62.99646
12/24/2018,64.724815
12/26/2018,61.553562
12/27/2018,60.893715
12/28/2018,61.100536
12/31/2018,60.411133
1/2/2019,60.381588
1/3/2019,62.075546
1/4/2019,60.066437
1/7/2019,59.770977
1/8/2019,59.150517
1/9/2019,58.924
1/10/2019,58.608845
1/11/2019,58.648235
1/14/2019,58.894451
1/15/2019,58.480816
1/16/2019,58.175503
1/17/2019,57.761871
1/18/2019,56.954288
1/22/2019,57.633839
1/23/2019,57.269444
1/24/2019,57.338383
1/25/2019,56.92474
1/28/2019,57.427017
1/29/2019,57.279285
1/30/2019,56.284584
1/31/2019,56.284584
2/1/2019,56.186096
2/4/2019,55.811844
2/5/2019,55.447456
2/6/2019,55.496696
2/7/2019,55.93988
2/8/2019,56.067913
2/11/2019,56.166397
2/12/2019,55.368664
2/13/2019,55.102757
2/14/2019,55.27018
2/15/2019,54.354259
2/19/2019,54.324715
2/20/2019,54.18684
2/21/2019,54.423203
2/22/2019,54.048958
2/25/2019,53.89138
2/26/2019,53.999714
2/27/2019,54.117901
2/28/2019,54.265621
3/1/2019,54.068653
3/4/2019,54.462601
3/5/2019,54.492146
3/6/2019,54.797447
3/7/2019,55.250481
3/8/2019,55.280029
3/11/2019,54.846691
3/12/2019,55.033813
3/13/2019,54.728508
3/14/2019,54.718662
3/15/2019,54.442898
3/18/2019,54.285316
3/19/2019,54.305016
3/20/2019,54.671539
3/21/2019,54.217094
3/22/2019,55.185257
3/25/2019,55.175369
3/26/2019,54.859241
3/27/2019,54.967911
3/28/2019,54.780205
3/29/2019,54.315884
4/1/2019,53.63422
4/2/2019,53.79229
4/3/2019,53.723133
4/4/2019,53.387241
4/5/2019,53.337841
4/8/2019,53.495914
4/9/2019,53.851559
4/10/2019,53.841682
4/11/2019,53.910839
4/12/2019,53.347721
4/15/2019,53.426762
4/16/2019,53.258812
4/17/2019,53.318089
4/18/2019,53.100742
4/22/2019,53.189655
4/23/2019,52.932796
4/24/2019,53.001949
4/25/2019,53.288448
4/26/2019,53.179779
4/29/2019,53.150139
4/30/2019,53.080982
5/1/2019,53.426762
5/2/2019,53.673737
5/3/2019,53.288448
5/6/2019,53.416874
5/7/2019,54.38504
5/8/2019,54.38504
5/9/2019,54.641899
5/10/2019,54.325768
5/13/2019,55.669338
5/14/2019,55.21489
5/15/2019,54.948151
5/16/2019,54.503586
5/17/2019,54.691296
5/20/2019,54.878998
5/21/2019,54.454189
5/22/2019,54.691296
5/23/2019,55.313686
5/24/2019,55.08646
5/28/2019,55.610058
5/29/2019,56.074383
5/30/2019,55.99535
5/31/2019,56.765926
6/3/2019,56.795567
6/4/2019,55.580421
6/5/2019,55.1161
6/6/2019,54.730816
6/7/2019,54.207211
6/10/2019,54.059025
6/11/2019,54.068901
6/12/2019,54.157818
6/13/2019,53.940475
6/14/2019,53.979992
6/17/2019,53.960236
6/18/2019,53.239052
6/19/2019,53.169899
6/20/2019,52.656178
6/21/2019,52.73521
6/24/2019,52.72533
6/25/2019,53.108433
6/26/2019,53.138214
6/27/2019,53.17791
6/28/2019,53.078663
7/1/2019,52.790836
7/2/2019,52.691589
7/3/2019,52.304516
7/5/2019,52.393841
7/8/2019,52.622112
7/9/2019,52.671734
7/10/2019,52.532791
7/11/2019,52.086166
7/12/2019,51.629616
7/15/2019,51.579994
7/16/2019,51.649471
7/17/2019,51.847969
7/18/2019,51.877743
7/19/2019,52.006767
7/22/2019,51.967068
7/23/2019,51.639542
7/24/2019,51.768566
7/25/2019,52.016693
7/26/2019,51.947216
7/29/2019,51.887665
7/30/2019,51.947216
7/31/2019,52.622112
8/1/2019,53.138214
8/2/2019,53.346634
8/5/2019,54.91478
8/6/2019,54.220032
8/7/2019,54.309357
8/8/2019,53.465736
8/9/2019,53.644382
8/12/2019,54.448307
8/13/2019,53.654308
8/14/2019,55.291927
8/15/2019,55.0438
8/16/2019,54.368908
8/19/2019,53.862736
8/20/2019,54.200184
8/21/2019,53.723785
8/22/2019,53.63446
8/23/2019,54.904854
8/26/2019,54.319283
8/27/2019,54.587254
8/28/2019,54.021534
8/29/2019,53.336716
8/30/2019,53.297012
9/3/2019,53.81311
9/4/2019,53.31686
9/5/2019,52.592339
9/6/2019,52.43354
9/9/2019,52.373989
9/10/2019,52.235039
9/11/2019,51.818192
9/12/2019,51.699093
9/13/2019,51.649471
9/16/2019,51.907516
9/17/2019,51.838039
9/18/2019,51.778492
9/19/2019,51.907516
9/20/2019,52.215191
9/23/2019,52.175491
9/24/2019,52.463314
9/25/2019,52.141541
9/26/2019,52.310894
9/27/2019,52.470287
9/30/2019,52.261082
10/1/2019,52.948467
10/2/2019,53.954639
10/3/2019,53.665741
10/4/2019,52.928547
10/7/2019,53.147709
10/8/2019,53.73547
10/9/2019,53.416683
10/10/2019,53.058048
10/11/2019,52.460323
10/14/2019,52.510136
10/15/2019,52.04192
10/16/2019,52.071804
10/17/2019,52.04192
10/18/2019,52.549988
10/21/2019,52.420475
10/22/2019,52.490211
10/23/2019,52.430439
10/24/2019,52.500175
10/25/2019,52.221237
10/28/2019,51.972183
10/29/2019,51.952263
10/30/2019,51.772942
10/31/2019,52.031956
11/1/2019,51.513927
11/4/2019,51.284801
11/5/2019,51.205109
11/6/2019,51.225025
11/7/2019,50.796661
11/8/2019,50.836506
11/11/2019,50.796661
11/12/2019,50.796661
11/13/2019,50.627304
11/14/2019,50.627304
11/15/2019,50.228817
11/18/2019,50.169048
11/19/2019,50.338402
11/20/2019,50.547611
11/21/2019,50.647228
11/22/2019,50.438026
11/25/2019,50.069424
11/26/2019,49.999691
11/27/2019,49.90007
11/29/2019,50.049503
12/2/2019,50.547611
12/3/2019,51.085556
12/4/2019,50.796661
12/5/2019,50.736889
12/6/2019,50.11924
12/9/2019,50.288589
12/10/2019,50.348366
12/11/2019,50.298557
12/12/2019,49.919998
12/13/2019,49.880146
12/16/2019,49.730713
12/17/2019,49.66098
12/18/2019,49.700829
12/19/2019,49.501583
12/20/2019,49.362118
12/23/2019,49.202728
12/24/2019,49.26667
12/26/2019,49.096817
12/27/2019,49.036873
12/30/2019,49.3466
12/31/2019,49.276661
1/2/2020,48.677189
1/3/2020,49.086826
1/6/2020,48.946953
1/7/2020,49.146774
1/8/2020,48.896992
1/9/2020,48.527317
1/10/2020,48.737133
1/13/2020,48.617241
1/14/2020,48.567284
1/15/2020,48.417416
1/16/2020,47.957821
1/17/2020,47.897873
1/21/2020,48.147652
1/22/2020,48.157646
1/23/2020,48.2076
1/24/2020,48.507336
1/27/2020,49.246689
1/28/2020,48.916977
1/29/2020,48.916977
1/30/2020,48.707161
1/31/2020,49.746246
2/3/2020,49.476486
2/4/2020,48.767109
2/5/2020,47.967808
2/6/2020,47.827934
2/7/2020,48.237572
2/10/2020,47.94783
2/11/2020,47.957821
2/12/2020,47.518208
2/13/2020,47.658085
2/14/2020,47.718029
2/18/2020,47.987793
2/19/2020,47.777977
2/20/2020,48.007774
2/21/2020,48.39743
2/24/2020,50.085949
2/25/2020,51.664558
2/26/2020,51.874374
2/27/2020,54.212318
2/28/2020,54.821781
3/2/2020,52.154129
3/3/2020,53.6628
3/4/2020,51.274902
3/5/2020,53.113285
3/6/2020,53.592865
3/9/2020,57.809155
3/10/2020,54.98164
3/11/2020,58.108891
3/12/2020,63.933769
3/13/2020,58.078918
3/16/2020,65.432449
3/17/2020,61.945518
3/18/2020,65.872063
3/19/2020,65.352524
3/20/2020,68.239983
3/23/2020,70.368111
3/24/2020,62.535
3/25/2020,60.98
3/26/2020,57.209999
3/27/2020,59.349998
3/30/2020,57.470001
3/31/2020,58.509998
4/1/2020,61.060001
4/2/2020,59.75
4/3/2020,60.66
4/6/2020,56.130001
4/7/2020,56.009998
4/8/2020,54.139999
4/9/2020,53.400002
4/13/2020,54.099998
4/14/2020,52.82
4/15/2020,53.830002
4/16/2020,53.759998
4/17/2020,52.139999
4/20/2020,53.400002
4/21/2020,54.810001
4/22/2020,53.790001
4/23/2020,53.650002
4/24/2020,53.060001
4/27/2020,52.25
4/28/2020,52.290001
4/29/2020,51.169998
4/30/2020,51.790001
5/1/2020,53.040001
5/4/2020,53.040001
5/5/2020,52.709999
5/6/2020,53.200001
5/7/2020,52.66
5/8/2020,51.669998
5/11/2020,51.880001
5/12/2020,52.84
5/13/2020,53.990002
5/14/2020,53.110001
5/15/2020,52.959999
5/18/2020,50.959999
5/19/2020,51.700001
5/20/2020,50.939999
5/21/2020,51.09
5/22/2020,51.099998
5/26/2020,49.970001
5/27/2020,48.869999
5/28/2020,49.139999
5/29/2020,49.169998
6/1/2020,48.959999
6/2/2020,48.48
6/3/2020,47.439999
6/4/2020,47.439999
6/5/2020,45.970001
6/8/2020,45.130001
6/9/2020,45.610001
6/10/2020,46.09
6/11/2020,49.240002
6/12/2020,48.330002
6/15/2020,48.029999
6/16/2020,46.990002
6/17/2020,47.34
6/18/2020,47.419998
6/19/2020,47.799999
6/22/2020,47.48
6/23/2020,47.25
6/24/2020,48.490002
6/25/2020,48
6/26/2020,49.299999
6/29/2020,48.189999
6/30/2020,47.84
7/1/2020,47.91
7/2/2020,47.709999
7/6/2020,46.860001
7/7/2020,47.540001
7/8/2020,47.25
7/9/2020,47.880001
7/10/2020,47.23
7/13/2020,47.16
7/14/2020,46.169998
7/15/2020,45.759998
7/16/2020,46
7/17/2020,46.110001
7/20/2020,46.099998
7/21/2020,45.799999
7/22/2020,45.509998
7/23/2020,46.09
7/24/2020,46.43
7/27/2020,46.209999
7/28/2020,46.560001
7/29/2020,46.310001
7/30/2020,46.68
7/31/2020,46.470001
8/3/2020,46.080002
8/4/2020,45.779999
8/5/2020,45.139999
8/6/2020,44.82
8/7/2020,44.740002
8/10/2020,44.139999
8/11/2020,44.290001
8/12/2020,43.84
8/13/2020,43.950001
8/14/2020,43.869999
8/17/2020,44.009998
8/18/2020,44.119999
8/19/2020,44.220001
8/20/2020,44.139999
8/21/2020,43.82
8/24/2020,43.220001
8/25/2020,43.310001
8/26/2020,43.200001
8/27/2020,42.93
8/28/2020,42.669998
8/31/2020,43.07
9/1/2020,42.66
9/2/2020,42
9/3/2020,43.139999
9/4/2020,43.400002
9/8/2020,44.330002
9/9/2020,43.650002
9/10/2020,44.259998
9/11/2020,44.049999
9/14/2020,43.529999
9/15/2020,43.509998
9/16/2020,43.439999
9/17/2020,43.650002
9/18/2020,44.049999
9/21/2020,44.860001
9/22/2020,44.610001
9/23/2020,45.48
9/24/2020,45.389999
9/25/2020,44.759998
9/28/2020,44.060001
9/29/2020,44.299999
9/30/2020,43.790001
10/1/2020,43.709999
10/2/2020,43.91
10/5/2020,43.189999
10/6/2020,43.740002
10/7/2020,42.93
10/8/2020,42.709999
10/9/2020,42.48
10/12/2020,42.080002
10/13/2020,42.32
10/14/2020,42.580002
10/15/2020,42.599998
10/16/2020,42.439999
10/19/2020,43
10/20/2020,42.849998
10/21/2020,43.029999
10/22/2020,42.75
10/23/2020,42.790001
10/26/2020,43.779999
10/27/2020,44.139999
10/28/2020,45.630001
10/29/2020,45.419998
10/30/2020,45.68
11/2/2020,44.970001
11/3/2020,44.02
11/4/2020,43.439999
11/5/2020,42.59
11/6/2020,42.68
11/9/2020,41.360001
11/10/2020,41.009998
11/11/2020,41.029999
11/12/2020,41.459999
11/13/2020,40.880001
11/16/2020,40.240002
11/17/2020,40.43
11/18/2020,40.900002
11/19/2020,40.84
11/20/2020,41.130001
11/23/2020,40.639999
11/24/2020,40.02
11/25/2020,40.25
11/27/2020,40.209999
11/30/2020,40.52
12/1/2020,40.279999
12/2/2020,40.18
12/3/2020,40.080002
12/4/2020,39.740002
12/7/2020,39.91
12/8/2020,39.779999
12/9/2020,39.950001
12/10/2020,39.990002
12/11/2020,39.950001
12/14/2020,40.189999
12/15/2020,39.700001
12/16/2020,39.77
12/17/2020,39.59
12/18/2020,39.75
12/21/2020,39.709999
12/22/2020,39.959999
12/23/2020,39.810001
12/24/2020,39.700001
12/28/2020,39.43
12/29/2020,39.52
12/30/2020,39.41
12/31/2020,39.200001
1/4/2021,39.639999
1/5/2021,39.419998
1/6/2021,38.849998
1/7/2021,38.599998
1/8/2021,38.509998
1/11/2021,38.630001
1/12/2021,38.560001
1/13/2021,38.549999
1/14/2021,38.630001
1/15/2021,38.860001
1/19/2021,38.700001
1/20/2021,38.380001
1/21/2021,38.380001
1/22/2021,38.610001
1/25/2021,38.669998
1/26/2021,38.669998
1/27/2021,39.43
1/28/2021,39.09
1/29/2021,39.869999
2/1/2021,39.59
2/2/2021,38.939999
2/3/2021,38.91
2/4/2021,38.48
2/5/2021,38.369999
2/8/2021,38.060001
2/9/2021,38.049999
2/10/2021,37.98
2/11/2021,37.959999
2/12/2021,37.919998
2/16/2021,37.849998
2/17/2021,37.73
2/18/2021,37.849998
2/19/2021,37.860001
2/22/2021,37.810001
2/23/2021,37.810001
2/24/2021,37.290001
2/25/2021,37.939999
2/26/2021,38.48
3/1/2021,37.740002
3/2/2021,37.880001
3/3/2021,38.040001
3/4/2021,38.450001
3/5/2021,37.759998
3/8/2021,37.380001
3/9/2021,37.349998
3/10/2021,36.790001
3/11/2021,36.560001
3/12/2021,36.220001
3/15/2021,36.02
3/16/2021,36.150002
3/17/2021,35.950001
3/18/2021,36.09
3/19/2021,36.380001
3/22/2021,36.25
3/23/2021,36.599998
3/24/2021,36.610001
3/25/2021,36.360001
3/26/2021,35.860001
3/29/2021,35.75
3/30/2021,35.84
3/31/2021,35.919998
4/1/2021,35.759998
4/5/2021,35.349998
4/6/2021,35.450001
4/7/2021,35.43
4/8/2021,35.360001
4/9/2021,35.080002
4/12/2021,35.110001
4/13/2021,35.18
4/14/2021,35.119999
4/15/2021,34.799999
4/16/2021,34.630001
4/19/2021,34.759998
4/20/2021,35.009998
4/21/2021,34.700001
4/22/2021,35.02
4/23/2021,34.77
4/26/2021,34.82
4/27/2021,34.82
4/28/2021,34.990002
4/29/2021,34.73
4/30/2021,34.91
5/3/2021,34.689999
5/4/2021,34.650002
5/5/2021,34.560001
5/6/2021,34.240002
5/7/2021,34
5/10/2021,34.029999
5/11/2021,34.5
5/12/2021,35.169998
5/13/2021,34.73
5/14/2021,34.32
5/17/2021,34.389999
5/18/2021,34.650002
5/19/2021,34.799999
5/20/2021,34.610001
5/21/2021,34.470001
5/24/2021,34.27
5/25/2021,34.349998
5/26/2021,34.34
5/27/2021,34.220001
5/28/2021,34.099998
6/1/2021,34.07
6/2/2021,34.029999
6/3/2021,34.049999
6/4/2021,33.869999
6/7/2021,34
6/8/2021,34.029999
6/9/2021,34.169998
6/10/2021,34.16
6/11/2021,34.139999
6/14/2021,34.220001
6/15/2021,34.299999
6/16/2021,34.57
6/17/2021,34.779999
6/18/2021,35.34
6/21/2021,34.689999
6/22/2021,34.619999
6/23/2021,34.709999
6/24/2021,34.369999
6/25/2021,34.099998
6/28/2021,34.27
6/29/2021,34.259998
6/30/2021,34.07
7/1/2021,33.919998
7/2/2021,33.75
7/6/2021,33.959999
7/7/2021,33.860001
7/8/2021,34.110001
7/9/2021,33.669998
7/12/2021,33.540001
7/13/2021,33.630001
7/14/2021,33.599998
7/15/2021,33.549999
7/16/2021,33.849998
7/19/2021,34.509998
7/20/2021,33.970001
7/21/2021,33.700001
7/22/2021,33.66
7/23/2021,33.43
7/26/2021,33.349998
7/27/2021,33.419998
7/28/2021,33.540001
7/29/2021,33.41
7/30/2021,33.540001
8/2/2021,33.630001
8/3/2021,33.360001
8/4/2021,33.669998
8/5/2021,33.419998
8/6/2021,33.279999
8/9/2021,33.360001
8/10/2021,33.200001
8/11/2021,32.990002
8/12/2021,32.970001
8/13/2021,32.950001
8/16/2021,32.84
8/17/2021,33.09
8/18/2021,33.450001
8/19/2021,33.5
8/20/2021,33.279999
8/23/2021,33.060001
8/24/2021,33.029999
8/25/2021,33
8/26/2021,33.18
8/27/2021,32.939999
8/30/2021,33
8/31/2021,33.009998
9/1/2021,33.029999
9/2/2021,32.91
9/3/2021,32.98
9/7/2021,33.23
9/8/2021,33.299999
9/9/2021,33.439999
9/10/2021,33.689999
9/13/2021,33.419998
9/14/2021,33.709999
9/15/2021,33.470001
9/16/2021,33.529999
9/17/2021,33.700001
9/20/2021,34.310001
9/21/2021,34.34
9/22/2021,34
9/23/2021,33.490002
9/24/2021,33.459999
9/27/2021,33.389999
9/28/2021,33.939999
9/29/2021,33.84
9/30/2021,34.389999
10/1/2021,33.880001
10/4/2021,34.200001
10/5/2021,33.889999
10/6/2021,33.779999
10/7/2021,33.439999
10/8/2021,33.450001
10/11/2021,33.689999
10/12/2021,33.810001
10/13/2021,33.790001
10/14/2021,33.279999
10/15/2021,32.91
10/18/2021,32.950001
10/19/2021,32.75
10/20/2021,32.610001
10/21/2021,32.630001
10/22/2021,32.540001
10/25/2021,32.470001
10/26/2021,32.470001
10/27/2021,32.720001
10/28/2021,32.490002
10/29/2021,32.400002
11/1/2021,32.32
11/2/2021,32.200001
11/3/2021,32.09
11/4/2021,32.110001
11/5/2021,31.940001
11/8/2021,31.860001
11/9/2021,31.950001
11/10/2021,32.139999
11/11/2021,32.290001
11/12/2021,32.110001
11/15/2021,32.119999
11/16/2021,32.049999
11/17/2021,32.23
11/18/2021,32.290001
11/19/2021,32.540001
11/22/2021,32.5
11/23/2021,32.32
11/24/2021,32.330002
11/26/2021,33.130001
11/29/2021,32.919998
11/30/2021,33.509998
12/1/2021,33.950001
12/2/2021,33.299999
12/3/2021,33.360001
12/6/2021,32.73
12/7/2021,32.279999
12/8/2021,32.25
12/9/2021,32.240002
12/10/2021,32.040001
12/13/2021,32.32
12/14/2021,32.419998
12/15/2021,32.07
12/16/2021,32.099998
12/17/2021,32.57
12/20/2021,32.959999
12/21/2021,32.439999
12/22/2021,32.200001
12/23/2021,32.02
12/27/2021,31.700001
12/28/2021,31.620001
12/29/2021,31.530001
12/30/2021,31.610001
12/31/2021,31.67
1/3/2022,31.450001
1/4/2022,31.26
1/5/2022,31.58
1/6/2022,31.73
1/7/2022,31.74
1/10/2022,31.860001
1/11/2022,31.709999
1/12/2022,31.68
1/13/2022,31.809999
1/14/2022,32.009998
1/18/2022,32.48
1/19/2022,32.790001
1/20/2022,33.080002
1/21/2022,33.529999
1/24/2022,33.400002
1/25/2022,33.459999
1/26/2022,33.610001
1/27/2022,33.619999
1/28/2022,33.040001
1/31/2022,32.689999
2/1/2022,32.41
2/2/2022,32.209999
2/3/2022,32.66
2/4/2022,32.689999
2/7/2022,32.66
2/8/2022,32.330002
2/9/2022,32.040001
2/10/2022,32.5
2/11/2022,32.959999
2/14/2022,33.099998
2/15/2022,32.700001
2/16/2022,32.73
2/17/2022,33.330002
2/18/2022,33.529999
2/22/2022,34.02
2/23/2022,34.450001
2/24/2022,34.380001
2/25/2022,33.52
2/28/2022,33.650002
3/1/2022,34.240002
3/2/2022,33.650002
3/3/2022,33.73
3/4/2022,33.91
3/7/2022,34.700001
3/8/2022,34.91
3/9/2022,34.169998
3/10/2022,34.290001
3/11/2022,34.52
3/14/2022,34.490002
3/15/2022,33.860001
3/16/2022,33.34
3/17/2022,32.91
3/18/2022,32.689999
3/21/2022,32.860001
3/22/2022,32.599998
3/23/2022,33.029999
3/24/2022,32.689999
3/25/2022,32.549999
3/28/2022,32.459999
3/29/2022,32.130001
3/30/2022,32.209999
3/31/2022,32.689999
4/1/2022,32.580002
4/4/2022,32.470001
4/5/2022,32.720001
4/6/2022,32.860001
4/7/2022,32.779999
4/8/2022,32.650002
4/11/2022,33.029999
4/12/2022,33.110001
4/13/2022,32.779999
4/14/2022,32.900002
4/18/2022,32.93
4/19/2022,32.439999
4/20/2022,32.209999
4/21/2022,32.57
4/22/2022,33.459999
4/25/2022,33.220001
4/26/2022,34.040001
4/27/2022,33.950001
4/28/2022,33.330002
4/29/2022,34.27
5/2/2022,34.16
5/3/2022,34.09
5/4/2022,33.119999
5/5/2022,34.150002
5/6/2022,34.259998
5/9/2022,34.939999
5/10/2022,35.040001
5/11/2022,35.389999
5/12/2022,35.490002
5/13/2022,34.970001
5/16/2022,34.919998
5/17/2022,34.459999
5/18/2022,35.68
5/19/2022,35.939999
5/20/2022,35.939999
5/23/2022,35.209999
5/24/2022,35.139999
5/25/2022,34.939999
5/26/2022,34.380001
5/27/2022,33.790001
5/31/2022,33.970001
6/1/2022,34.16
6/2/2022,33.720001
6/3/2022,34.049999
6/6/2022,34.049999
6/7/2022,33.77
6/8/2022,34.049999
6/9/2022,34.689999
6/10/2022,35.639999
6/13/2022,36.619999
6/14/2022,36.77
6/15/2022,36.419998
6/16/2022,37.27
6/17/2022,37.360001
6/21/2022,36.529999
6/22/2022,36.630001
6/23/2022,36.389999
6/24/2022,35.389999
6/27/2022,35.48
6/28/2022,36.029999
6/29/2022,35.950001
6/30/2022,36.220001
7/1/2022,35.880001
7/5/2022,36.009998
7/6/2022,35.919998
7/7/2022,35.529999
7/8/2022,35.59
7/11/2022,35.77
7/12/2022,35.98
7/13/2022,36.23
7/14/2022,36.400002
7/15/2022,35.630001
7/18/2022,35.880001
7/19/2022,35.009998
7/20/2022,34.939999
7/21/2022,34.759998
7/22/2022,34.919998
7/25/2022,34.810001
7/26/2022,35.07
7/27/2022,34.59
7/28/2022,34.240002
7/29/2022,33.91
8/1/2022,33.959999
8/2/2022,34.380001
8/3/2022,33.950001
8/4/2022,34.040001
8/5/2022,33.98
8/8/2022,33.93
8/9/2022,34
8/10/2022,33.450001
8/11/2022,33.400002
8/12/2022,33
8/15/2022,32.84
8/16/2022,32.619999
8/17/2022,32.77
8/18/2022,32.740002
8/19/2022,33.029999
8/22/2022,33.639999
8/23/2022,33.82
8/24/2022,33.75
8/25/2022,33.41
8/26/2022,34.450001
8/29/2022,34.639999
8/30/2022,34.970001
8/31/2022,35.240002
9/1/2022,35.099998
9/2/2022,35.459999
9/6/2022,35.650002
9/7/2022,35.18
9/8/2022,34.970001
9/9/2022,34.529999
9/12/2022,34.299999
9/13/2022,35.650002
9/14/2022,35.599998
9/15/2022,35.810001
9/16/2022,36.009998
9/19/2022,35.759998
9/20/2022,36.119999
9/21/2022,36.75
9/22/2022,36.900002
9/23/2022,37.48
9/26/2022,37.900002
9/27/2022,38.060001
9/28/2022,37.360001
9/29/2022,37.959999
9/30/2022,38.619999
10/3/2022,37.580002
10/4/2022,36.52
10/5/2022,36.580002
10/6/2022,37.029999
10/7/2022,37.810001
10/10/2022,37.919998
10/11/2022,37.91
10/12/2022,37.919998
10/13/2022,36.84
10/14/2022,37.299999
10/17/2022,36.639999
10/18/2022,36.209999
10/19/2022,36.389999
10/20/2022,36.5
10/21/2022,35.599998
10/24/2022,35.099998
10/25/2022,34.75
10/26/2022,34.759998
10/27/2022,34.540001
10/28/2022,33.68
10/31/2022,33.790001
11/1/2022,33.889999
11/2/2022,34.43
11/3/2022,34.59
11/4/2022,34.150002
