Date,SX5E
11/5/2012,2517.669922
11/6/2012,2535.939941
11/7/2012,2479.100098
11/8/2012,2479.129883
11/9/2012,2479.820068
11/12/2012,2473.52002
11/13/2012,2493.139893
11/14/2012,2472.840088
11/15/2012,2461.77002
11/16/2012,2427.320068
11/19/2012,2495.209961
11/20/2012,2509.620117
11/21/2012,2519.679932
11/22/2012,2535.090088
11/23/2012,2557.030029
11/26/2012,2542.52002
11/27/2012,2543.449951
11/28/2012,2546.840088
11/29/2012,2581.689941
11/30/2012,2575.25
12/3/2012,2582.360107
12/4/2012,2590.830078
12/5/2012,2592.090088
12/6/2012,2603.409912
12/7/2012,2601.370117
12/10/2012,2596.02002
12/11/2012,2624.030029
12/12/2012,2630.340088
12/13/2012,2627.659912
12/14/2012,2630.540039
12/17/2012,2628.01001
12/18/2012,2643.5
12/19/2012,2654.689941
12/20/2012,2658.300049
12/21/2012,2651.090088
12/27/2012,2659.949951
12/28/2012,2626.850098
1/3/2013,2701.219971
1/4/2013,2709.350098
1/7/2013,2695.560059
1/8/2013,2691.449951
1/9/2013,2706.389893
1/10/2013,2708.27002
1/11/2013,2717.790039
1/14/2013,2715.159912
1/15/2013,2701.590088
1/16/2013,2702.540039
1/17/2013,2718.929932
1/18/2013,2709.590088
1/21/2013,2726.629883
1/22/2013,2716.699951
1/23/2013,2708.280029
1/24/2013,2722.959961
1/25/2013,2744.179932
1/28/2013,2744.5
1/29/2013,2749.27002
1/30/2013,2732.120117
1/31/2013,2702.97998
2/1/2013,2710.080078
2/4/2013,2625.169922
2/5/2013,2651.209961
2/6/2013,2617.350098
2/7/2013,2597.919922
2/8/2013,2630.300049
2/11/2013,2622.610107
2/12/2013,2648.830078
2/13/2013,2656.860107
2/14/2013,2635.350098
2/15/2013,2615.26001
2/18/2013,2616.649902
2/19/2013,2662.370117
2/20/2013,2640.350098
2/21/2013,2579.76001
2/22/2013,2630.050049
2/25/2013,2651.860107
2/26/2013,2570.52002
2/27/2013,2611.889893
2/28/2013,2633.550049
3/1/2013,2616.75
3/4/2013,2619.780029
3/5/2013,2683.02002
3/6/2013,2679.889893
3/7/2013,2690.850098
3/8/2013,2728.780029
3/11/2013,2718.709961
3/12/2013,2711.850098
3/13/2013,2704.72998
3/14/2013,2744.699951
3/15/2013,2725.719971
3/18/2013,2705.469971
3/19/2013,2671.959961
3/20/2013,2708.899902
3/21/2013,2683.919922
3/22/2013,2681.669922
3/25/2013,2649.280029
3/26/2013,2641.120117
3/27/2013,2612.459961
3/28/2013,2624.02002
4/2/2013,2679.800049
4/3/2013,2639.01001
4/4/2013,2621.429932
4/5/2013,2585.280029
4/8/2013,2589.25
4/9/2013,2595.129883
4/10/2013,2661.620117
4/11/2013,2674.330078
4/12/2013,2633.469971
4/15/2013,2624.709961
4/16/2013,2609.300049
4/17/2013,2553.48999
4/18/2013,2555.5
4/19/2013,2575.159912
4/22/2013,2583.620117
4/23/2013,2662.879883
4/24/2013,2702.050049
4/25/2013,2704.409912
4/26/2013,2683.429932
4/29/2013,2717.379883
4/30/2013,2712
5/2/2013,2718.899902
5/3/2013,2763.679932
5/6/2013,2750.52002
5/7/2013,2769.080078
5/8/2013,2784.620117
5/10/2013,2785.23999
5/13/2013,2777.389893
5/14/2013,2795.629883
5/15/2013,2809.580078
5/16/2013,2806.699951
5/17/2013,2817.98999
5/21/2013,2821.649902
5/22/2013,2835.01001
5/23/2013,2776.780029
5/24/2013,2764.290039
5/27/2013,2795
5/28/2013,2835.870117
5/29/2013,2786.540039
5/30/2013,2799.199951
5/31/2013,2769.639893
6/3/2013,2747.73999
6/4/2013,2755.699951
6/5/2013,2709.330078
6/6/2013,2676.209961
6/7/2013,2724.080078
6/10/2013,2719.399902
6/11/2013,2683.199951
6/12/2013,2666.52002
6/13/2013,2661.709961
6/14/2013,2667.320068
6/17/2013,2702.689941
6/18/2013,2700.929932
6/19/2013,2683.97998
6/20/2013,2586.449951
6/21/2013,2549.47998
6/24/2013,2511.830078
6/25/2013,2543.370117
6/26/2013,2602.810059
6/27/2013,2619.860107
6/28/2013,2602.590088
7/1/2013,2622.620117
7/2/2013,2603.199951
7/3/2013,2570.76001
7/4/2013,2646.540039
7/5/2013,2596.01001
7/8/2013,2650.850098
7/9/2013,2664.139893
7/10/2013,2659.709961
7/11/2013,2681.320068
7/12/2013,2674.870117
7/15/2013,2686.689941
7/16/2013,2665.610107
7/17/2013,2681.879883
7/18/2013,2717.98999
7/19/2013,2716.169922
7/22/2013,2725.399902
7/23/2013,2722.899902
7/24/2013,2752.25
7/25/2013,2740.290039
7/26/2013,2741.959961
7/29/2013,2741.72998
7/30/2013,2759.209961
7/31/2013,2768.149902
8/2/2013,2811
8/5/2013,2809.080078
8/6/2013,2790.780029
8/7/2013,2794.439941
8/8/2013,2816.879883
8/9/2013,2825.620117
8/12/2013,2827.149902
8/13/2013,2841.610107
8/14/2013,2852.080078
8/15/2013,2835.860107
8/16/2013,2854.27002
8/19/2013,2823.350098
8/20/2013,2787.97998
8/21/2013,2774.580078
8/22/2013,2812.320068
8/23/2013,2826.050049
8/26/2013,2821.449951
8/27/2013,2749.27002
8/28/2013,2742.610107
8/29/2013,2758.310059
8/30/2013,2721.370117
9/2/2013,null
9/3/2013,2753.350098
9/4/2013,2758.290039
9/5/2013,2774.199951
9/6/2013,2803.419922
9/9/2013,2798.310059
9/10/2013,2851.399902
9/11/2013,2863.439941
9/12/2013,2862.070068
9/13/2013,2867.110107
9/16/2013,2894.639893
9/17/2013,2890.949951
9/18/2013,2908.919922
9/19/2013,2936.199951
9/20/2013,2927.189941
9/23/2013,2906.350098
9/24/2013,2922.929932
9/25/2013,2927.350098
9/26/2013,2922.98999
9/27/2013,2919.340088
9/30/2013,2893.149902
10/1/2013,2933.02002
10/2/2013,2918.310059
10/3/2013,2902.120117
10/4/2013,2928.310059
10/7/2013,2923.040039
10/8/2013,2903.350098
10/9/2013,2904.72998
10/10/2013,2969.409912
10/11/2013,2974.280029
10/14/2013,2977.689941
10/15/2013,3004.560059
10/16/2013,3015.399902
10/17/2013,3010.389893
10/18/2013,3033.310059
10/21/2013,3028.649902
10/22/2013,3045.77002
10/23/2013,3017.159912
10/24/2013,3038.959961
10/25/2013,3034.5
10/28/2013,3022.040039
10/29/2013,3050.639893
10/30/2013,3040.689941
10/31/2013,3067.949951
11/1/2013,3052.139893
11/4/2013,3061.179932
11/5/2013,3035.919922
11/6/2013,3056.399902
11/7/2013,3042.97998
11/8/2013,3034.909912
11/11/2013,3052.830078
11/12/2013,3034.679932
11/13/2013,3021.169922
11/14/2013,3053.689941
11/15/2013,3054.530029
11/18/2013,3081.300049
11/19/2013,3049.169922
11/20/2013,3047.320068
11/21/2013,3044.340088
11/22/2013,3055.97998
11/25/2013,3072.75
11/26/2013,3062.620117
11/27/2013,3082.649902
11/28/2013,3092.419922
11/29/2013,3086.639893
12/2/2013,3077.22998
12/3/2013,3013.879883
12/4/2013,2991.76001
12/5/2013,2953.169922
12/6/2013,2979.939941
12/9/2013,2988.669922
12/10/2013,2960.860107
12/11/2013,2947.310059
12/12/2013,2928.120117
12/13/2013,2921.919922
12/16/2013,2978.77002
12/17/2013,2941.76001
12/18/2013,2975.090088
12/19/2013,3014.699951
12/20/2013,3049.350098
12/23/2013,3070.909912
12/27/2013,3111.370117
12/30/2013,3100.929932
1/3/2014,3074.429932
1/6/2014,3069.159912
1/7/2014,3110.959961
1/8/2014,3110.659912
1/9/2014,3090.26001
1/10/2014,3104.149902
1/13/2014,3111.939941
1/14/2014,3119.530029
1/15/2014,3168.76001
1/16/2014,3150.199951
1/17/2014,3154.100098
1/20/2014,3153.169922
1/21/2014,3153.080078
1/22/2014,3151.27002
1/23/2014,3117.080078
1/24/2014,3028.199951
1/27/2014,3014.620117
1/28/2014,3038.600098
1/29/2014,3011.449951
1/30/2014,3027.300049
1/31/2014,3013.959961
2/3/2014,2963.959961
2/4/2014,2962.48999
2/5/2014,2962.51001
2/6/2014,3010.790039
2/7/2014,3038.48999
2/10/2014,3032.530029
2/11/2014,3077.080078
2/12/2014,3094.889893
2/13/2014,3097.949951
2/14/2014,3119.060059
2/17/2014,null
2/18/2014,3117.439941
2/19/2014,3120.800049
2/20/2014,3121.590088
2/21/2014,3131.669922
2/24/2014,3157.310059
2/25/2014,3157.47998
2/26/2014,3148.189941
2/27/2014,3134.939941
2/28/2014,3149.22998
3/3/2014,3053.98999
3/4/2014,3136.330078
3/5/2014,3135.969971
3/6/2014,3144.530029
3/7/2014,3095.310059
3/10/2014,3092.790039
3/11/2014,3092.550049
3/12/2014,3065.459961
3/13/2014,3019.540039
3/14/2014,3004.639893
3/17/2014,3049.189941
3/18/2014,3073.75
3/19/2014,3076.360107
3/20/2014,3088.899902
3/21/2014,3096.48999
3/24/2014,3052.909912
3/25/2014,3096.639893
3/26/2014,3130.169922
3/27/2014,3133.75
3/28/2014,3172.429932
3/31/2014,3161.600098
4/1/2014,3186.340088
4/2/2014,3187.449951
4/3/2014,3206.76001
4/4/2014,3230.330078
4/7/2014,3185.969971
4/8/2014,3177.659912
4/9/2014,3182.790039
4/10/2014,3152.860107
4/11/2014,3116.540039
4/14/2014,3131.570068
4/15/2014,3091.52002
4/16/2014,3139.26001
4/17/2014,3155.810059
4/22/2014,3199.689941
4/23/2014,3175.969971
4/24/2014,3189.810059
4/25/2014,3147.399902
4/28/2014,3165.840088
4/29/2014,3208.679932
4/30/2014,3198.389893
5/2/2014,3177.889893
5/5/2014,3171.290039
5/6/2014,3149.790039
5/7/2014,3159.669922
5/8/2014,3204.300049
5/9/2014,3184.090088
5/12/2014,3206.969971
5/13/2014,3211.780029
5/14/2014,3210.419922
5/15/2014,3163.219971
5/16/2014,3172.719971
5/19/2014,3169.899902
5/20/2014,3163.929932
5/21/2014,3187.080078
5/22/2014,3187.629883
5/23/2014,3203.280029
5/26/2014,3240.389893
5/27/2014,3244.280029
5/28/2014,3246.23999
5/30/2014,3244.600098
6/2/2014,3247.800049
6/3/2014,3241.040039
6/4/2014,3237.929932
6/5/2014,3267.050049
6/6/2014,3294.280029
6/10/2014,3313.800049
6/11/2014,3289.090088
6/12/2014,3284.280029
6/13/2014,3282.840088
6/16/2014,3261.419922
6/17/2014,3275.330078
6/18/2014,3279.199951
6/19/2014,3314.800049
6/20/2014,3302.360107
6/23/2014,3282.580078
6/24/2014,3284.810059
6/25/2014,3252.310059
6/26/2014,3233.189941
6/27/2014,3227.850098
6/30/2014,3228.23999
7/1/2014,3258.709961
7/2/2014,3252.25
7/3/2014,3289.75
7/4/2014,3270.469971
7/7/2014,3230.919922
7/8/2014,3184.379883
7/9/2014,3203.100098
7/10/2014,3150.590088
7/11/2014,3157.050049
7/14/2014,3185.860107
7/15/2014,3153.75
7/16/2014,3202.939941
7/17/2014,3157.820068
7/18/2014,3164.209961
7/21/2014,3137.060059
7/22/2014,3189.219971
7/23/2014,3193.129883
7/24/2014,3220.070068
7/25/2014,3174.98999
7/28/2014,3171.550049
7/29/2014,3190.540039
7/30/2014,3169.22998
7/31/2014,3115.51001
8/4/2014,3070.459961
8/5/2014,3072.199951
8/6/2014,3050.370117
8/7/2014,3012.879883
8/8/2014,3006.830078
8/11/2014,3047.560059
8/12/2014,3023.77002
8/13/2014,3056.169922
8/14/2014,3058.159912
8/15/2014,3033.52002
8/18/2014,3073.449951
8/19/2014,3091.110107
8/20/2014,3083.5
8/21/2014,3124.560059
8/22/2014,3098.5
8/25/2014,3165.469971
8/26/2014,3197.540039
8/27/2014,3194.449951
8/28/2014,3164.439941
8/29/2014,3172.629883
9/1/2014,3175.050049
9/2/2014,3180.290039
9/3/2014,3218.840088
9/4/2014,3277.25
9/5/2014,3275.25
9/8/2014,3267.540039
9/9/2014,3245.429932
9/10/2014,3244.159912
9/11/2014,3237.76001
9/12/2014,3235.070068
9/15/2014,3231.699951
9/16/2014,3221.72998
9/17/2014,3237.439941
9/18/2014,3271.370117
9/19/2014,3273.25
9/22/2014,3257.47998
9/23/2014,3205.929932
9/24/2014,3244.01001
9/25/2014,3202.310059
9/26/2014,3219.580078
9/29/2014,3186.949951
9/30/2014,3225.929932
10/1/2014,3195.080078
10/2/2014,3106.419922
10/3/2014,3133.370117
10/6/2014,3138.669922
10/7/2014,3082.100098
10/8/2014,3053.310059
10/9/2014,3042.449951
10/10/2014,2991.5
10/13/2014,2998.320068
10/14/2014,3000.98999
10/15/2014,2892.550049
10/16/2014,2874.649902
10/17/2014,2962.23999
10/20/2014,2927.300049
10/21/2014,2991.459961
10/22/2014,3008.530029
10/23/2014,3044.300049
10/24/2014,3030.370117
10/27/2014,2998.840088
10/28/2014,3036.149902
10/29/2014,3022.419922
10/30/2014,3035.899902
10/31/2014,3113.320068
11/3/2014,3082.320068
11/4/2014,3034.23999
11/5/2014,3091.540039
11/6/2014,3102.070068
11/7/2014,3064.919922
11/10/2014,3094.600098
11/11/2014,3104.590088
11/12/2014,3047.300049
11/13/2014,3056.800049
11/14/2014,3059.98999
11/17/2014,3084.790039
11/18/2014,3120.419922
11/19/2014,3123.120117
11/20/2014,3102.209961
11/21/2014,3194.219971
11/24/2014,3211.699951
11/25/2014,3226.149902
11/26/2014,3226.080078
11/27/2014,3244.919922
11/28/2014,3250.929932
12/1/2014,3232.909912
12/2/2014,3238.350098
12/3/2014,3247.719971
12/4/2014,3191.25
12/5/2014,3277.379883
12/8/2014,3247.98999
12/9/2014,3162.77002
12/10/2014,3150.949951
12/11/2014,3159.110107
12/12/2014,3067.320068
12/15/2014,2982.899902
12/16/2014,3049.98999
12/17/2014,3051.98999
12/18/2014,3153.77002
12/19/2014,3141.280029
12/22/2014,3154.909912
12/23/2014,3192.469971
12/29/2014,null
12/30/2014,3135.949951
1/5/2015,3023.139893
1/6/2015,null
1/7/2015,3026.790039
1/8/2015,3135.080078
1/9/2015,3042.899902
1/12/2015,3084.179932
1/13/2015,3133.860107
1/14/2015,3089.669922
1/15/2015,3157.360107
1/16/2015,3202.23999
1/19/2015,3220.899902
1/20/2015,3244.919922
1/21/2015,3269.72998
1/22/2015,3322.649902
1/23/2015,3382.550049
1/26/2015,3414.280029
1/27/2015,3372.580078
1/28/2015,3358.959961
1/29/2015,3371.830078
1/30/2015,3351.439941
2/2/2015,3370.110107
2/3/2015,3414.179932
2/4/2015,3415.530029
2/5/2015,3408.959961
2/6/2015,3398.159912
2/9/2015,3347.75
2/10/2015,3383.129883
2/11/2015,3374.139893
2/12/2015,3417.610107
2/13/2015,3447.590088
2/16/2015,3433.300049
2/17/2015,3438.439941
2/18/2015,3465.800049
2/19/2015,3488.080078
2/20/2015,3490.530029
2/23/2015,3519.580078
2/24/2015,3547.100098
2/25/2015,3541.780029
2/26/2015,3574.939941
2/27/2015,3599
3/2/2015,3591.090088
3/3/2015,3549.110107
3/4/2015,3583.439941
3/5/2015,3618.209961
3/6/2015,3617.620117
3/9/2015,3610.280029
3/10/2015,3567.25
3/11/2015,3649.540039
3/12/2015,3641.320068
3/13/2015,3656.209961
3/16/2015,3706.75
3/17/2015,3672.159912
3/18/2015,3668.52002
3/19/2015,3670.72998
3/20/2015,3726.070068
3/23/2015,3699.040039
3/24/2015,3731.350098
3/25/2015,3684.040039
3/26/2015,3669.790039
3/27/2015,3679.030029
3/30/2015,3727.800049
3/31/2015,3697.379883
4/1/2015,3714.889893
4/2/2015,3715.27002
4/7/2015,3768.719971
4/8/2015,3742.629883
4/9/2015,3781.790039
4/10/2015,3816.76001
4/13/2015,3828.780029
4/14/2015,3784.530029
4/15/2015,3803.550049
4/16/2015,3751.719971
4/17/2015,3674.050049
4/20/2015,3718.040039
4/21/2015,3719.379883
4/22/2015,3724.48999
4/23/2015,3697.879883
4/24/2015,3713.959961
4/27/2015,3771.449951
4/28/2015,3715.419922
4/29/2015,3617.110107
4/30/2015,3615.590088
5/4/2015,3632.939941
5/5/2015,3546.560059
5/6/2015,3558.030029
5/7/2015,3556.209961
5/8/2015,3649.47998
5/11/2015,3624.409912
5/12/2015,3573.100098
5/13/2015,3553.419922
5/15/2015,3573.070068
5/18/2015,3589.219971
5/19/2015,3670.52002
5/20/2015,3683.47998
5/21/2015,3688.719971
5/22/2015,3679.139893
5/26/2015,3619.300049
5/27/2015,3682.870117
5/28/2015,3650.709961
5/29/2015,3570.780029
6/1/2015,3575.040039
6/2/2015,3561.889893
6/3/2015,3583.820068
6/4/2015,3556.379883
6/5/2015,3510.01001
6/8/2015,3468.310059
6/9/2015,3456.790039
6/10/2015,3526.47998
6/11/2015,3551.909912
6/12/2015,3502.77002
6/15/2015,3438.070068
6/16/2015,3454.090088
6/17/2015,3428.76001
6/18/2015,3450.449951
6/19/2015,3455.800049
6/22/2015,3596.070068
6/23/2015,3625.969971
6/24/2015,3610.949951
6/25/2015,3610.909912
6/26/2015,3621.370117
6/29/2015,3468.899902
6/30/2015,3424.300049
7/1/2015,3496.280029
7/2/2015,3463.25
7/3/2015,3441.76001
7/6/2015,3365.199951
7/7/2015,3294.189941
7/8/2015,3327.5
7/9/2015,3420.030029
7/10/2015,3528.810059
7/13/2015,3590.429932
7/14/2015,3607.189941
7/15/2015,3623.870117
7/16/2015,3676.409912
7/17/2015,3670.340088
7/20/2015,3686.580078
7/21/2015,3647.959961
7/22/2015,3635.580078
7/23/2015,3634.639893
7/24/2015,3600
7/27/2015,3513.100098
7/28/2015,3554.110107
7/29/2015,3575.530029
7/30/2015,3583.790039
7/31/2015,3600.689941
8/3/2015,3635.399902
8/4/2015,3619.310059
8/5/2015,3676.75
8/6/2015,3668.469971
8/7/2015,3637.800049
8/10/2015,3674.939941
8/11/2015,3605.280029
8/12/2015,3484.409912
8/13/2015,3516.149902
8/14/2015,3491.030029
8/17/2015,3497.899902
8/18/2015,3495.379883
8/19/2015,3429.840088
8/20/2015,3353.47998
8/21/2015,3247.26001
8/24/2015,3073.389893
8/25/2015,3218.01001
8/26/2015,3170.72998
8/27/2015,3280.780029
8/28/2015,3286.590088
8/31/2015,3269.629883
9/1/2015,3188.72998
9/2/2015,3198.860107
9/3/2015,3270.090088
9/4/2015,3180.25
9/7/2015,3197.969971
9/8/2015,3233.840088
9/9/2015,3269.97998
9/10/2015,3221.139893
9/11/2015,3187.939941
9/14/2015,3175.620117
9/15/2015,3207.600098
9/16/2015,3251.790039
9/17/2015,3255.790039
9/18/2015,3157.300049
9/21/2015,3184.719971
9/22/2015,3076.050049
9/23/2015,3079.98999
9/24/2015,3019.340088
9/25/2015,3113.159912
9/28/2015,3039.439941
9/29/2015,3029.860107
9/30/2015,3100.669922
10/1/2015,3069.050049
10/2/2015,3088.179932
10/5/2015,3190.389893
10/6/2015,3220.090088
10/7/2015,3226.399902
10/8/2015,3224.959961
10/9/2015,3250.310059
10/12/2015,3247.330078
10/13/2015,3221.280029
10/14/2015,3191.570068
10/15/2015,3238.810059
10/16/2015,3264.929932
10/19/2015,3272.040039
10/20/2015,3255.719971
10/21/2015,3272.22998
10/22/2015,3353.110107
10/23/2015,3425.810059
10/26/2015,3414.600098
10/27/2015,3381.01001
10/28/2015,3421.090088
10/29/2015,3413.389893
10/30/2015,3418.22998
11/2/2015,3434.5
11/3/2015,3442.679932
11/4/2015,3439.159912
11/5/2015,3447.48999
11/6/2015,3468.209961
11/9/2015,3418.360107
11/10/2015,3425.399902
11/11/2015,3448.419922
11/12/2015,3387.699951
11/13/2015,3360.649902
11/16/2015,3362.22998
11/17/2015,3451.939941
11/18/2015,3431.919922
11/19/2015,3448.929932
11/20/2015,3452.449951
11/23/2015,3445.26001
11/24/2015,3409.600098
11/25/2015,3462.060059
11/26/2015,3498.620117
11/27/2015,3488.98999
11/30/2015,3506.449951
12/1/2015,3479.639893
12/2/2015,3468.659912
12/3/2015,3343.340088
12/4/2015,3330.75
12/7/2015,3360.209961
12/8/2015,3297.459961
12/9/2015,3277.209961
12/10/2015,3269.969971
12/11/2015,3203.209961
12/14/2015,3139.23999
12/15/2015,3241.51001
12/16/2015,3246.780029
12/17/2015,3306.469971
12/18/2015,3260.719971
12/21/2015,3213.01001
12/22/2015,3214.320068
12/23/2015,3286.679932
12/28/2015,3256.48999
12/29/2015,3314.280029
12/30/2015,3287.97998
1/4/2016,3164.76001
1/5/2016,3178.01001
1/6/2016,3139.320068
1/7/2016,3084.679932
1/8/2016,3033.469971
1/11/2016,3027.48999
1/12/2016,3064.659912
1/13/2016,3073.02002
1/14/2016,3024
1/15/2016,2952.47998
1/18/2016,2935.389893
1/19/2016,2980.48999
1/20/2016,2882.590088
1/21/2016,2943.919922
1/22/2016,3023.209961
1/25/2016,3001.780029
1/26/2016,3032.840088
1/27/2016,3043.469971
1/28/2016,2979.419922
1/29/2016,3045.090088
2/1/2016,3021.01001
2/2/2016,2951.850098
2/3/2016,2896.629883
2/4/2016,2905.300049
2/5/2016,2879.389893
2/8/2016,2785.169922
2/9/2016,2736.5
2/10/2016,2789.050049
2/11/2016,2680.350098
2/12/2016,2756.159912
2/15/2016,2833.870117
2/16/2016,2821.26001
2/17/2016,2897.719971
2/18/2016,2895.149902
2/19/2016,2871.050049
2/22/2016,2933.909912
2/23/2016,2887.379883
2/24/2016,2820.23999
2/25/2016,2877.419922
2/26/2016,2929.159912
2/29/2016,2945.75
3/1/2016,2996.389893
3/2/2016,3022.139893
3/3/2016,3012.870117
3/4/2016,3037.350098
3/7/2016,3021.090088
3/8/2016,3002.01001
3/9/2016,3016.179932
3/10/2016,2970.780029
3/11/2016,3073.800049
3/14/2016,3091.97998
3/15/2016,3067.209961
3/16/2016,3062.050049
3/17/2016,3043.100098
3/18/2016,3059.77002
3/21/2016,3048.77002
3/22/2016,3051.22998
3/23/2016,3042.419922
3/24/2016,2986.72998
3/29/2016,3004.870117
3/30/2016,3044.100098
3/31/2016,3004.929932
4/1/2016,2953.280029
4/4/2016,2962.280029
4/5/2016,2890.350098
4/6/2016,2909.360107
4/7/2016,2871.570068
4/8/2016,2911.97998
4/11/2016,2924.22998
4/12/2016,2942.090088
4/13/2016,3039.189941
4/14/2016,3060.860107
4/15/2016,3054.340088
4/18/2016,3064.030029
4/19/2016,3112.98999
4/20/2016,3142.52002
4/21/2016,3151.689941
4/22/2016,3141.120117
4/25/2016,3117.620117
4/26/2016,3121.290039
4/27/2016,3130.429932
4/28/2016,3125.429932
4/29/2016,3028.209961
5/2/2016,3032.600098
5/3/2016,2974.199951
5/4/2016,2938.75
5/6/2016,2936.840088
5/9/2016,2955.830078
5/10/2016,2978.969971
5/11/2016,2956.709961
5/12/2016,2935.459961
5/13/2016,2956.629883
5/17/2016,2938.090088
5/18/2016,2956.429932
5/19/2016,2919.219971
5/20/2016,2962.159912
5/23/2016,2932.929932
5/24/2016,3010.120117
5/25/2016,3061.600098
5/26/2016,3071.209961
5/27/2016,3078.47998
5/30/2016,3090.01001
5/31/2016,3063.47998
6/1/2016,3038.77002
6/2/2016,3033.860107
6/3/2016,2997.550049
6/6/2016,3001.899902
6/7/2016,3040.689941
6/8/2016,3019.76001
6/9/2016,2989.030029
6/10/2016,2911.110107
6/13/2016,2853.52002
6/14/2016,2797.179932
6/15/2016,2830.300049
6/16/2016,2819.300049
6/17/2016,2849.169922
6/20/2016,2942.879883
6/21/2016,2967.340088
6/22/2016,2978.310059
6/23/2016,3037.860107
6/24/2016,2776.090088
6/27/2016,2697.439941
6/28/2016,2758.669922
6/29/2016,2832.179932
6/30/2016,2864.73999
7/1/2016,2883.060059
7/4/2016,2862.209961
7/5/2016,2812.879883
7/6/2016,2761.370117
7/7/2016,2780.100098
7/8/2016,2838.01001
7/11/2016,2885.320068
7/12/2016,2933.439941
7/13/2016,2926.139893
7/14/2016,2963.070068
7/15/2016,2958.649902
7/18/2016,2949.169922
7/19/2016,2931.100098
7/20/2016,2966.949951
7/21/2016,2968.48999
7/22/2016,2972.22998
7/25/2016,2973.219971
7/26/2016,2978.899902
7/27/2016,2999.47998
7/28/2016,2966.100098
7/29/2016,2990.76001
8/2/2016,2906.97998
8/3/2016,2911.060059
8/4/2016,2932.340088
8/5/2016,2973.709961
8/8/2016,2982.919922
8/9/2016,3029.179932
8/10/2016,3018.459961
8/11/2016,3049.030029
8/12/2016,3044.939941
8/15/2016,3046.649902
8/16/2016,3016.189941
8/17/2016,2980.540039
8/18/2016,2995.300049
8/19/2016,2968.199951
8/22/2016,2960.370117
8/23/2016,2993.72998
8/24/2016,3008.590088
8/25/2016,2987.689941
8/26/2016,3010.360107
8/29/2016,2998.5
8/30/2016,3030.75
8/31/2016,3023.129883
9/1/2016,3017.48999
9/2/2016,3079.73999
9/5/2016,3077.659912
9/6/2016,3070.159912
9/7/2016,3091.659912
9/8/2016,3083.540039
9/9/2016,3053.199951
9/12/2016,3012.879883
9/13/2016,2974.800049
9/14/2016,2964.899902
9/15/2016,2973.77002
9/16/2016,2935.25
9/19/2016,2968.310059
9/20/2016,2964.860107
9/21/2016,2982.179932
9/22/2016,3051.689941
9/23/2016,3032.310059
9/26/2016,2975.879883
9/27/2016,2970.840088
9/28/2016,2991.110107
9/29/2016,2991.580078
9/30/2016,3002.23999
10/3/2016,2998.5
10/4/2016,3029.5
10/5/2016,3026.280029
10/6/2016,3021.580078
10/7/2016,3000.570068
10/10/2016,3035.76001
10/11/2016,3020.689941
10/12/2016,3008.030029
10/13/2016,2975.040039
10/14/2016,3025.189941
10/17/2016,3008.719971
10/18/2016,3046.98999
10/19/2016,3055.939941
10/20/2016,3076.629883
10/21/2016,3077.649902
10/24/2016,3093.860107
10/25/2016,3087.409912
10/26/2016,3080.97998
10/27/2016,3085.169922
10/28/2016,3079.23999
10/31/2016,3055.25
11/1/2016,3023.149902
11/2/2016,2980.169922
11/3/2016,2973.48999
11/4/2016,2954.530029
11/7/2016,3009.280029
11/8/2016,3023.429932
11/9/2016,3056.290039
11/10/2016,3046.590088
11/11/2016,3030.02002
11/14/2016,3039.800049
11/15/2016,3049.719971
11/16/2016,3026.360107
11/17/2016,3041.790039
11/18/2016,3020.830078
11/21/2016,3032.969971
11/22/2016,3044.330078
11/23/2016,3032.139893
11/24/2016,3040.600098
11/25/2016,3048.379883
11/28/2016,3016.800049
11/29/2016,3038.419922
11/30/2016,3051.610107
12/1/2016,3030.97998
12/2/2016,3015.129883
12/5/2016,3052.75
12/6/2016,3100.76001
12/7/2016,3142.23999
12/8/2016,3185.790039
12/9/2016,3197.540039
12/12/2016,3199.110107
12/13/2016,3236.709961
12/14/2016,3211.709961
12/15/2016,3249.73999
12/16/2016,3259.23999
12/19/2016,3257.850098
12/20/2016,3279.409912
12/21/2016,3270.75
12/22/2016,3269.51001
12/23/2016,3273.969971
12/27/2016,3278.530029
12/28/2016,3278.719971
12/29/2016,3271.76001
12/30/2016,3290.52002
1/3/2017,3315.02002
1/4/2017,3317.52002
1/5/2017,3316.469971
1/6/2017,3321.169922
1/9/2017,3308.969971
1/10/2017,3306.209961
1/11/2017,3307.939941
1/12/2017,3286.699951
1/13/2017,3324.340088
1/16/2017,3294.530029
1/17/2017,3285.040039
1/18/2017,3294
1/19/2017,3290.330078
1/20/2017,3299.439941
1/23/2017,3273.040039
1/24/2017,3281.530029
1/25/2017,3326.149902
1/26/2017,3319.129883
1/27/2017,3303.330078
1/30/2017,3262.719971
1/31/2017,3230.679932
2/1/2017,3258.919922
2/2/2017,3253.610107
2/3/2017,3273.110107
2/6/2017,3238.310059
2/7/2017,3235.709961
2/8/2017,3238.040039
2/9/2017,3277.790039
2/10/2017,3270.830078
2/13/2017,3305.22998
2/14/2017,3308.889893
2/15/2017,3323.709961
2/16/2017,3311.040039
2/17/2017,3308.810059
2/20/2017,3312.389893
2/21/2017,3339.330078
2/22/2017,3339.27002
2/23/2017,3333.959961
2/24/2017,3304.090088
2/27/2017,3309.300049
2/28/2017,3319.610107
3/1/2017,3390.199951
3/2/2017,3384.709961
3/3/2017,3403.389893
3/6/2017,3387.459961
3/7/2017,3385.120117
3/8/2017,3389.620117
3/9/2017,3409.889893
3/10/2017,3416.27002
3/13/2017,3415.48999
3/14/2017,3399.429932
3/15/2017,3409.320068
3/16/2017,3439.959961
3/17/2017,3448.409912
3/20/2017,3437.47998
3/21/2017,3429.620117
3/22/2017,3420.699951
3/23/2017,3452.179932
3/24/2017,3444.149902
3/27/2017,3437.139893
3/28/2017,3465.070068
3/29/2017,3475.27002
3/30/2017,3481.580078
3/31/2017,3500.929932
4/3/2017,3472.939941
4/4/2017,3481.659912
4/5/2017,3472.580078
4/6/2017,3489.570068
4/7/2017,3495.800049
4/10/2017,3480.439941
4/11/2017,3470.040039
4/12/2017,3468.51001
4/13/2017,3448.26001
4/18/2017,3409.780029
4/19/2017,3420.98999
4/20/2017,3440.030029
4/21/2017,3440.27002
4/24/2017,3577.379883
4/25/2017,3583.159912
4/26/2017,3578.709961
4/27/2017,3563.290039
4/28/2017,3559.590088
5/2/2017,3578.209961
5/3/2017,3586.25
5/4/2017,3627.879883
5/5/2017,3658.790039
5/8/2017,3642.110107
5/9/2017,3649.080078
5/10/2017,3645.73999
5/11/2017,3623.550049
5/12/2017,3637.52002
5/15/2017,3641.879883
5/16/2017,3641.889893
5/17/2017,3584.830078
5/18/2017,3562.219971
5/19/2017,3587.01001
5/22/2017,3576.530029
5/23/2017,3595.030029
5/24/2017,3586.620117
5/26/2017,3579.02002
5/29/2017,3578.949951
5/30/2017,3561.219971
5/31/2017,3554.590088
6/1/2017,3567.02002
6/2/2017,3591.820068
6/6/2017,3554.179932
6/7/2017,3548.840088
6/8/2017,3563.879883
6/9/2017,3586.070068
6/12/2017,3543.949951
6/13/2017,3557.870117
6/14/2017,3547.149902
6/15/2017,3525.459961
6/16/2017,3543.879883
6/19/2017,3579.580078
6/20/2017,3560.659912
6/21/2017,3554.350098
6/22/2017,3555.76001
6/23/2017,3543.679932
6/26/2017,3561.76001
6/27/2017,3538.320068
6/28/2017,3535.699951
6/29/2017,3471.330078
6/30/2017,3441.879883
7/3/2017,3491.810059
7/4/2017,3479.469971
7/5/2017,3478.409912
7/6/2017,3462.060059
7/7/2017,3463.840088
7/10/2017,3478.060059
7/11/2017,3464.47998
7/12/2017,3515.22998
7/13/2017,3527.830078
7/14/2017,3525.939941
7/17/2017,3516.350098
7/18/2017,3478.679932
7/19/2017,3500.280029
7/20/2017,3499.48999
7/21/2017,3451.709961
7/24/2017,3453.169922
7/25/2017,3473.540039
7/26/2017,3491.189941
7/27/2017,3493.139893
7/28/2017,3467.72998
7/31/2017,3449.360107
8/2/2017,3459.320068
8/3/2017,3466.370117
8/4/2017,3507.409912
8/7/2017,3505.800049
8/8/2017,3515.629883
8/9/2017,3468.449951
8/10/2017,3433.540039
8/11/2017,3406.340088
8/14/2017,3450.659912
8/15/2017,3461.909912
8/16/2017,3484.570068
8/17/2017,3461.969971
8/18/2017,3446.030029
8/21/2017,3423.530029
8/22/2017,3455.590088
8/23/2017,3438.629883
8/24/2017,3444.72998
8/25/2017,3438.550049
8/28/2017,3421.030029
8/29/2017,3388.219971
8/30/2017,3403.709961
8/31/2017,3421.469971
9/1/2017,3443.879883
9/4/2017,3430.419922
9/5/2017,3420.860107
9/6/2017,3433.800049
9/7/2017,3447.659912
9/8/2017,3447.689941
9/11/2017,3495.189941
9/12/2017,3512.560059
9/13/2017,3523.139893
9/14/2017,3526.47998
9/15/2017,3515.550049
9/18/2017,3526.73999
9/19/2017,3531.179932
9/20/2017,3525.550049
9/21/2017,3539.590088
9/22/2017,3541.419922
9/25/2017,3537.810059
9/26/2017,3536.379883
9/27/2017,3555.169922
9/28/2017,3563.639893
9/29/2017,3594.850098
10/2/2017,3602.689941
10/3/2017,3605.72998
10/4/2017,3594.909912
10/5/2017,3613.540039
10/6/2017,3603.320068
10/9/2017,3610.5
10/10/2017,3598.790039
10/11/2017,3607.389893
10/12/2017,3605.540039
10/13/2017,3604.550049
10/16/2017,3606.27002
10/17/2017,3607.77002
10/18/2017,3619.649902
10/19/2017,3602.080078
10/20/2017,3605.090088
10/23/2017,3608.870117
10/24/2017,3610.689941
10/25/2017,3591.459961
10/26/2017,3637.199951
10/27/2017,3652.22998
10/30/2017,3662.179932
10/31/2017,3673.949951
11/1/2017,3697.399902
11/2/2017,3688.800049
11/3/2017,3689.959961
11/6/2017,3682.360107
11/7/2017,3658.77002
11/8/2017,3655.040039
11/9/2017,3612.5
11/10/2017,3593.76001
11/13/2017,3574.52002
11/14/2017,3556.379883
11/15/2017,3545.719971
11/16/2017,3564.800049
11/17/2017,3547.459961
11/20/2017,3561.409912
11/21/2017,3579.320068
11/22/2017,3562.649902
11/23/2017,3572.070068
11/24/2017,3581.22998
11/27/2017,3564.02002
11/28/2017,3583.48999
11/29/2017,3589.909912
11/30/2017,3569.929932
12/1/2017,3527.550049
12/4/2017,3576.219971
12/5/2017,3570.570068
12/6/2017,3561.570068
12/7/2017,3573.129883
12/8/2017,3591.449951
12/11/2017,3582.209961
12/12/2017,3600.350098
12/13/2017,3581.75
12/14/2017,3556.219971
12/15/2017,3560.530029
12/18/2017,3609.419922
12/19/2017,3582.219971
12/20/2017,3552.649902
12/21/2017,3570.780029
12/22/2017,3553.389893
12/27/2017,3550.169922
12/28/2017,3524.310059
12/29/2017,3503.959961
1/3/2018,3509.879883
1/4/2018,3568.879883
1/5/2018,3607.629883
1/8/2018,3616.449951
1/9/2018,3622.870117
1/10/2018,3609.830078
1/11/2018,3595.23999
1/12/2018,3612.610107
1/15/2018,3611.810059
1/16/2018,3622.01001
1/17/2018,3612.780029
1/18/2018,3620.909912
1/19/2018,3649.070068
1/22/2018,3665.280029
1/23/2018,3672.290039
1/24/2018,3643.219971
1/25/2018,3630.149902
1/26/2018,3647.409912
1/29/2018,3643.040039
1/30/2018,3606.75
1/31/2018,3609.290039
2/1/2018,3577.350098
2/2/2018,3523.280029
2/5/2018,3478.77002
2/6/2018,3394.919922
2/7/2018,3454.52002
2/8/2018,3377.300049
2/9/2018,3325.98999
2/12/2018,3368.25
2/13/2018,3340.929932
2/14/2018,3369.830078
2/15/2018,3389.629883
2/16/2018,3426.800049
2/19/2018,3407.790039
2/20/2018,3435.080078
2/21/2018,3430.159912
2/22/2018,3431.98999
2/23/2018,3441.459961
2/26/2018,3463.179932
2/27/2018,3458.030029
2/28/2018,3438.959961
3/1/2018,3399.159912
3/2/2018,3324.75
3/5/2018,3355.320068
3/6/2018,3357.860107
3/7/2018,3377.360107
3/8/2018,3413.280029
3/9/2018,3420.540039
3/12/2018,3429.47998
3/13/2018,3397.350098
3/14/2018,3390.97998
3/15/2018,3414.129883
3/16/2018,3437.399902
3/19/2018,3394.790039
3/20/2018,3412.080078
3/21/2018,3401.040039
3/22/2018,3348.189941
3/23/2018,3298.070068
3/26/2018,3278.719971
3/27/2018,3316.949951
3/28/2018,3331.25
3/29/2018,3361.5
4/3/2018,3346.929932
4/4/2018,3340.350098
4/5/2018,3429.949951
4/6/2018,3408.100098
4/9/2018,3414.850098
4/10/2018,3438.780029
4/11/2018,3419.709961
4/12/2018,3443.969971
4/13/2018,3448
4/16/2018,3441.040039
4/17/2018,3477.909912
4/18/2018,3490.889893
4/19/2018,3486.600098
4/20/2018,3494.199951
4/23/2018,3513.060059
4/24/2018,3510.879883
4/25/2018,3485.830078
4/26/2018,3506.030029
4/27/2018,3518.780029
4/30/2018,3536.52002
5/2/2018,3553.790039
5/3/2018,3529.120117
5/4/2018,3550.590088
5/7/2018,3564.189941
5/8/2018,3557.879883
5/9/2018,3569.73999
5/11/2018,3565.52002
5/14/2018,3565.73999
5/15/2018,3564.290039
5/16/2018,3562.850098
5/17/2018,3592.179932
5/18/2018,3573.76001
5/22/2018,3587.25
5/23/2018,3541.820068
5/24/2018,3521.76001
5/25/2018,3515.360107
5/28/2018,3482.639893
5/29/2018,3428.139893
5/30/2018,3441.189941
5/31/2018,3406.649902
6/1/2018,3453.540039
6/4/2018,3469.570068
6/5/2018,3456.790039
6/6/2018,3460.820068
6/7/2018,3459.77002
6/8/2018,3447.300049
6/11/2018,3480.219971
6/12/2018,3475.580078
6/13/2018,3479.560059
6/14/2018,3527.110107
6/15/2018,3505.02002
6/18/2018,3466.649902
6/19/2018,3435.300049
6/20/2018,3439.600098
6/21/2018,3403.51001
6/22/2018,3441.600098
6/25/2018,3369.209961
6/26/2018,3368.719971
6/27/2018,3397.129883
6/28/2018,3365.52002
6/29/2018,3395.600098
7/2/2018,3372.209961
7/3/2018,3406.340088
7/4/2018,3412.030029
7/5/2018,3440.919922
7/6/2018,3448.48999
7/9/2018,3460.439941
7/10/2018,3473.310059
7/11/2018,3422.350098
7/12/2018,3445.48999
7/13/2018,3454.540039
7/16/2018,3449.080078
7/17/2018,3457.5
7/18/2018,3485.080078
7/19/2018,3471.639893
7/20/2018,3460.030029
7/23/2018,3454.050049
7/24/2018,3483.310059
7/25/2018,3468.449951
7/26/2018,3509.26001
7/27/2018,3527.179932
7/30/2018,3512.310059
7/31/2018,3525.48999
8/2/2018,3469.209961
8/3/2018,3482.399902
8/6/2018,3483.300049
8/7/2018,3504.370117
8/8/2018,3493.600098
8/9/2018,3494.129883
8/10/2018,3426.280029
8/13/2018,3409.679932
8/14/2018,3409.439941
8/15/2018,3359.080078
8/16/2018,3377.560059
8/17/2018,3372.939941
8/20/2018,3393.669922
8/21/2018,3411.659912
8/22/2018,3420.179932
8/23/2018,3419.26001
8/24/2018,3427.439941
8/27/2018,3456.01001
8/28/2018,3447.570068
8/29/2018,3456.129883
8/30/2018,3430.98999
8/31/2018,3392.899902
9/3/2018,3394.98999
9/4/2018,3359.360107
9/5/2018,3315.620117
9/6/2018,3295.949951
9/7/2018,3293.360107
9/10/2018,3309.280029
9/11/2018,3311.659912
9/12/2018,3326.600098
9/13/2018,3333.679932
9/14/2018,3344.629883
9/17/2018,3346.110107
9/18/2018,3358.459961
9/19/2018,3368.560059
9/20/2018,3403.120117
9/21/2018,3430.810059
9/24/2018,3410.439941
9/25/2018,3419.780029
9/26/2018,3433.149902
9/27/2018,3449.790039
9/28/2018,3399.199951
10/1/2018,3414.159912
10/2/2018,3388.98999
10/3/2018,3405.47998
10/4/2018,3375.080078
10/5/2018,3345.51001
10/8/2018,3309.719971
10/9/2018,3321.790039
10/10/2018,3266.899902
10/11/2018,3209.189941
10/12/2018,3194.409912
10/15/2018,3210.370117
10/16/2018,3257.340088
10/17/2018,3243.080078
10/18/2018,3211.590088
10/19/2018,3210.820068
10/22/2018,3190.090088
10/23/2018,3140.939941
10/24/2018,3130.330078
10/25/2018,3164.399902
10/26/2018,3134.889893
10/29/2018,3154.929932
10/30/2018,3147.129883
10/31/2018,3197.51001
11/1/2018,3204.209961
11/2/2018,3214.409912
11/5/2018,3217.370117
11/6/2018,3207.419922
11/7/2018,3246.159912
11/8/2018,3237.600098
11/9/2018,3229.48999
11/12/2018,3194.080078
11/13/2018,3224.820068
11/14/2018,3205.360107
11/15/2018,3190.310059
11/16/2018,3180.73999
11/19/2018,3160.330078
11/20/2018,3116.070068
11/21/2018,3153.909912
11/22/2018,3126.669922
11/23/2018,3137.209961
11/26/2018,3172.709961
11/27/2018,3166.419922
11/28/2018,3168.290039
11/29/2018,3174.159912
11/30/2018,3173.129883
12/3/2018,3214.98999
12/4/2018,3189.25
12/5/2018,3150.27002
12/6/2018,3045.939941
12/7/2018,3058.530029
12/10/2018,3016.98999
12/11/2018,3055.320068
12/12/2018,3107.969971
12/13/2018,3112.169922
12/14/2018,3092.600098
12/17/2018,3063.649902
12/18/2018,3040.129883
12/19/2018,3051.379883
12/20/2018,3000.060059
12/21/2018,3000.610107
12/27/2018,2937.360107
12/28/2018,2986.530029
1/3/2019,2954.659912
1/4/2019,3041.850098
1/7/2019,3033.639893
1/8/2019,3054.939941
1/9/2019,3070.23999
1/10/2019,3075.72998
1/11/2019,3070.040039
1/14/2019,3055.179932
1/15/2019,3068.050049
1/16/2019,3077.219971
1/17/2019,3069.350098
1/18/2019,3134.919922
1/21/2019,3125.070068
1/22/2019,3112.800049
1/23/2019,3112.129883
1/24/2019,3126.310059
1/25/2019,3163.23999
1/28/2019,3137.27002
1/29/2019,3153.419922
1/30/2019,3161.73999
1/31/2019,3159.429932
2/1/2019,3171.120117
2/4/2019,3165.199951
2/5/2019,3215.040039
2/6/2019,3212.75
2/7/2019,3150.76001
2/8/2019,3135.620117
2/11/2019,3165.610107
2/12/2019,3190.75
2/13/2019,3202.370117
2/14/2019,3182.659912
2/15/2019,3241.25
2/18/2019,3244.790039
2/19/2019,3239.409912
2/20/2019,3259.48999
2/21/2019,3263.699951
2/22/2019,3270.550049
2/25/2019,3280.01001
2/26/2019,3289.320068
2/27/2019,3282.77002
2/28/2019,3298.26001
3/1/2019,3312.100098
3/4/2019,3317.120117
3/5/2019,3327.189941
3/6/2019,3324.669922
3/7/2019,3308.850098
3/8/2019,3283.600098
3/11/2019,3304.439941
3/12/2019,3303.949951
3/13/2019,3323.449951
3/14/2019,3342.030029
3/15/2019,3386.080078
3/18/2019,3387.939941
3/19/2019,3409
3/20/2019,3372.379883
3/21/2019,3367.399902
3/22/2019,3305.72998
3/25/2019,3300.47998
3/26/2019,3319.530029
3/27/2019,3322.040039
3/28/2019,3320.290039
3/29/2019,3351.709961
4/1/2019,3385.379883
4/2/2019,3395.699951
4/3/2019,3435.560059
4/4/2019,3441.929932
4/5/2019,3447.469971
4/8/2019,3438.060059
4/9/2019,3417.219971
4/10/2019,3424.649902
4/11/2019,3435.340088
4/12/2019,3447.830078
4/15/2019,3450.459961
4/16/2019,3463.360107
4/17/2019,3477.72998
4/18/2019,3499.22998
4/23/2019,3503.850098
4/24/2019,3502.629883
4/25/2019,3491.919922
4/26/2019,3500.409912
4/29/2019,3501.939941
4/30/2019,3514.620117
5/2/2019,3488.929932
5/3/2019,3502.47998
5/6/2019,3462.949951
5/7/2019,3401.159912
5/8/2019,3417.26001
5/9/2019,3350.709961
5/10/2019,3361.050049
5/13/2019,3320.780029
5/14/2019,3364.379883
5/15/2019,3385.780029
5/16/2019,3438.560059
5/17/2019,3425.639893
5/20/2019,3369.780029
5/21/2019,3386.51001
5/22/2019,3386.719971
5/23/2019,3327.199951
5/24/2019,3350.699951
5/27/2019,3364.040039
5/28/2019,3348.860107
5/29/2019,3297.810059
5/31/2019,3280.429932
6/3/2019,3300.219971
6/4/2019,3333.48999
6/5/2019,3339.949951
6/6/2019,3338.409912
6/7/2019,3378.379883
6/11/2019,3401.100098
6/12/2019,3386.629883
6/13/2019,3390.5
6/14/2019,3379.189941
6/17/2019,3383.209961
6/18/2019,3452.889893
6/19/2019,3454.699951
6/20/2019,3468.080078
6/21/2019,3466.919922
6/24/2019,3455.570068
6/25/2019,3444.360107
6/26/2019,3442.949951
6/27/2019,3442.379883
6/28/2019,3473.689941
7/1/2019,3497.590088
7/2/2019,3507.97998
7/3/2019,3540.629883
7/4/2019,3544.149902
7/5/2019,3527.97998
7/8/2019,3523.76001
7/9/2019,3509.75
7/10/2019,3501.52002
7/11/2019,3496.72998
7/12/2019,3497.629883
7/15/2019,3502.219971
7/16/2019,3521.360107
7/17/2019,3501.580078
7/18/2019,3482.830078
7/19/2019,3480.179932
7/22/2019,3489.919922
7/23/2019,3532.870117
7/24/2019,3532.899902
7/25/2019,3510.149902
7/26/2019,3524.469971
7/29/2019,3523.580078
7/30/2019,3462.850098
7/31/2019,3466.850098
8/2/2019,3376.120117
8/5/2019,3310.929932
8/6/2019,3291.659912
8/7/2019,3309.98999
8/8/2019,3375.379883
8/9/2019,3333.73999
8/12/2019,3326.550049
8/13/2019,3357.159912
8/14/2019,3288.699951
8/15/2019,3282.780029
8/16/2019,3329.080078
8/19/2019,3369.189941
8/20/2019,3350.22998
8/21/2019,3394.889893
8/22/2019,3373.669922
8/23/2019,3334.25
8/26/2019,3348.840088
8/27/2019,3370.469971
8/28/2019,3365.379883
8/29/2019,3411.330078
8/30/2019,3426.76001
9/2/2019,3432.540039
9/3/2019,3420.73999
9/4/2019,3450.830078
9/5/2019,3484.699951
9/6/2019,3495.189941
9/9/2019,3495.02002
9/10/2019,3498.98999
9/11/2019,3516.820068
9/12/2019,3538.860107
9/13/2019,3550.110107
9/16/2019,3518.449951
9/17/2019,3521.26001
9/18/2019,3528.040039
9/19/2019,3552.649902
9/20/2019,3571.389893
9/23/2019,3536.969971
9/24/2019,3532.050049
9/25/2019,3513.030029
9/26/2019,3532.179932
9/27/2019,3545.879883
9/30/2019,3569.449951
10/1/2019,3518.25
10/2/2019,3413.310059
10/3/2019,3417.370117
10/4/2019,3446.709961
10/7/2019,3471.23999
10/8/2019,3432.76001
10/9/2019,3462.110107
10/10/2019,3493.959961
10/11/2019,3569.919922
10/14/2019,3556.26001
10/15/2019,3598.649902
10/16/2019,3599.25
10/17/2019,3588.620117
10/18/2019,3579.409912
10/21/2019,3600.080078
10/22/2019,3604.820068
10/23/2019,3606.889893
10/24/2019,3621.370117
10/25/2019,3624.679932
10/28/2019,3625.689941
10/29/2019,3622.090088
10/30/2019,3620.290039
10/31/2019,3604.409912
11/1/2019,3623.73999
11/4/2019,3665.209961
11/5/2019,3676.52002
11/6/2019,3688.73999
11/7/2019,3706.679932
11/8/2019,3699.649902
11/11/2019,3696.820068
11/12/2019,3712.199951
11/13/2019,3699.5
11/14/2019,3688.810059
11/15/2019,3711.610107
11/18/2019,3704.919922
11/19/2019,3696.560059
11/20/2019,3683.879883
11/21/2019,3679.659912
11/22/2019,3687.320068
11/25/2019,3707.679932
11/26/2019,3705.550049
11/27/2019,3712.850098
11/28/2019,3704.47998
11/29/2019,3703.580078
12/2/2019,3626.659912
12/3/2019,3610.98999
12/4/2019,3660.02002
12/5/2019,3648.129883
12/6/2019,3692.340088
12/9/2019,3672.179932
12/10/2019,3671.780029
12/11/2019,3687.449951
12/12/2019,3706.350098
12/13/2019,3731.070068
12/16/2019,3772.73999
12/17/2019,3745.280029
12/18/2019,3739
12/19/2019,3739.169922
12/20/2019,3776.560059
12/23/2019,3776.659912
12/27/2019,3782.27002
12/30/2019,3748.469971
1/3/2020,3773.370117
1/6/2020,3752.52002
1/7/2020,3759.25
1/8/2020,3772.560059
1/9/2020,3795.879883
1/10/2020,3789.52002
1/13/2020,3779.679932
1/14/2020,3774.879883
1/15/2020,3768.959961
1/16/2020,3774.139893
1/17/2020,3808.26001
1/20/2020,3799.030029
1/21/2020,3789.120117
1/22/2020,3769.790039
1/23/2020,3736.850098
1/24/2020,3779.159912
1/27/2020,3677.840088
1/28/2020,3719.219971
1/29/2020,3736.360107
1/30/2020,3690.780029
1/31/2020,3640.909912
2/3/2020,3661.27002
2/4/2020,3732.280029
2/5/2020,3777.840088
2/6/2020,3805.52002
2/7/2020,3798.48999
2/10/2020,3793.179932
2/11/2020,3825.840088
2/12/2020,3854.429932
2/13/2020,3846.73999
2/14/2020,3840.969971
2/17/2020,3853.27002
2/18/2020,3836.540039
2/19/2020,3865.179932
2/20/2020,3822.97998
2/21/2020,3800.379883
2/24/2020,3647.97998
2/25/2020,3572.51001
2/26/2020,3577.679932
2/27/2020,3455.919922
2/28/2020,3329.48999
3/2/2020,3338.830078
3/3/2020,3371.969971
3/4/2020,3420.560059
3/5/2020,3363.580078
3/6/2020,3232.070068
3/9/2020,2959.070068
3/10/2020,2910.02002
3/11/2020,2905.560059
3/12/2020,2545.22998
3/13/2020,2586.02002
3/16/2020,2450.370117
3/17/2020,2530.5
3/18/2020,2385.820068
3/19/2020,2454.080078
3/20/2020,2548.5
3/23/2020,2485.540039
3/24/2020,2715.110107
3/25/2020,2800.139893
3/26/2020,2847.780029
3/27/2020,2728.649902
3/30/2020,2765.620117
3/31/2020,2786.899902
4/1/2020,2680.300049
4/2/2020,2688.48999
4/3/2020,2662.98999
4/6/2020,2795.969971
4/7/2020,2857.669922
4/8/2020,2851.27002
4/9/2020,2892.790039
4/14/2020,2917.73999
4/15/2020,2808.199951
4/16/2020,2812.350098
4/17/2020,2888.300049
4/20/2020,2909.5
4/21/2020,2791.340088
4/22/2020,2834.899902
4/23/2020,2852.459961
4/24/2020,2809.070068
4/27/2020,2882.090088
4/28/2020,2932.060059
4/29/2020,2996.080078
4/30/2020,2927.929932
5/4/2020,2816.47998
5/5/2020,2875.909912
5/6/2020,2843.76001
5/7/2020,2880.600098
5/8/2020,2908.110107
5/11/2020,2883.75
5/12/2020,2884.199951
5/13/2020,2810.550049
5/14/2020,2760.22998
5/15/2020,2770.699951
5/18/2020,2911.879883
5/19/2020,2902.580078
5/20/2020,2942.389893
5/22/2020,2905.469971
5/25/2020,2971.350098
5/26/2020,2999.219971
5/27/2020,3051.080078
5/28/2020,3094.469971
5/29/2020,3050.199951
6/2/2020,3159.02002
6/3/2020,3269.590088
6/4/2020,3261.669922
6/5/2020,3384.290039
6/8/2020,3366.290039
6/9/2020,3320.709961
6/10/2020,3293.709961
6/11/2020,3144.570068
6/12/2020,3153.73999
6/15/2020,3136.399902
6/16/2020,3242.649902
6/17/2020,3267.26001
6/18/2020,3249.899902
6/19/2020,3269.100098
6/22/2020,3241.689941
6/23/2020,3298.830078
6/24/2020,3196.120117
6/25/2020,3218.909912
6/26/2020,3204.169922
6/29/2020,3232.02002
6/30/2020,3234.070068
7/1/2020,3228.449951
7/2/2020,3320.090088
7/3/2020,3294.379883
7/6/2020,3350.030029
7/7/2020,3321.560059
7/8/2020,3286.090088
7/9/2020,3261.169922
7/10/2020,3296.219971
7/13/2020,3350
7/14/2020,3321.389893
7/15/2020,3378.209961
7/16/2020,3365.350098
7/17/2020,3365.600098
7/20/2020,3388.340088
7/21/2020,3405.350098
7/22/2020,3370.76001
7/23/2020,3371.73999
7/24/2020,3310.889893
7/27/2020,3302.840088
7/28/2020,3303.560059
7/29/2020,3300.159912
7/30/2020,3208.199951
7/31/2020,3174.320068
8/3/2020,3248.280029
8/4/2020,3254.290039
8/5/2020,3268.379883
8/6/2020,3240.389893
8/7/2020,3252.649902
8/10/2020,3259.709961
8/11/2020,3332.120117
8/12/2020,3363.179932
8/13/2020,3342.850098
8/14/2020,3305.050049
8/17/2020,3305.850098
8/18/2020,3289.639893
8/19/2020,3317.620117
8/20/2020,3273.97998
8/21/2020,3259.75
8/24/2020,3331.73999
8/25/2020,3329.709961
8/26/2020,3356.76001
8/27/2020,3331.040039
8/28/2020,3315.540039
8/31/2020,3272.51001
9/1/2020,3277.580078
9/2/2020,3337.77002
9/3/2020,3304.219971
9/4/2020,3260.590088
9/7/2020,3314.070068
9/8/2020,3267.370117
9/9/2020,3324.830078
9/10/2020,3312.77002
9/11/2020,3315.810059
9/14/2020,3316.790039
9/15/2020,3332.26001
9/16/2020,3338.840088
9/17/2020,3316.570068
9/18/2020,3283.689941
9/21/2020,3160.949951
9/22/2020,3164.129883
9/23/2020,3180.110107
9/24/2020,3159.639893
9/25/2020,3137.060059
9/28/2020,3223.189941
9/29/2020,3214.300049
9/30/2020,3193.610107
10/1/2020,3194.090088
10/2/2020,3190.929932
10/5/2020,3220.219971
10/6/2020,3233.300049
10/7/2020,3233.429932
10/8/2020,3255.76001
10/9/2020,3273.120117
10/12/2020,3298.120117
10/13/2020,3279.189941
10/14/2020,3273.280029
10/15/2020,3192.689941
10/16/2020,3245.469971
10/19/2020,3242.51001
10/20/2020,3227.870117
10/21/2020,3180.699951
10/22/2020,3171.409912
10/23/2020,3198.860107
10/26/2020,3105.25
10/27/2020,3070.600098
10/28/2020,2963.540039
10/29/2020,2960.030029
10/30/2020,2958.209961
11/2/2020,3019.540039
11/3/2020,3098.719971
11/4/2020,3161.070068
11/5/2020,3215.560059
11/6/2020,3204.050049
11/9/2020,3407.909912
11/10/2020,3442.620117
11/11/2020,3467.300049
11/12/2020,3428.199951
11/13/2020,3432.070068
11/16/2020,3466.209961
11/17/2020,3468.47998
11/18/2020,3482.169922
11/19/2020,3451.969971
11/20/2020,3467.600098
11/23/2020,3463.040039
11/24/2020,3507.97998
11/25/2020,3511.899902
11/26/2020,3510.939941
11/27/2020,3527.790039
11/30/2020,3492.540039
12/1/2020,3525.23999
12/2/2020,3521.320068
12/3/2020,3517.100098
12/4/2020,3539.27002
12/7/2020,3530.080078
12/8/2020,3525.870117
12/9/2020,3529.02002
12/10/2020,3522.310059
12/11/2020,3485.840088
12/14/2020,3503.959961
12/15/2020,3521.5
12/16/2020,3543
12/17/2020,3560.870117
12/18/2020,3545.73999
12/21/2020,3448.679932
12/22/2020,3497.48999
12/23/2020,3539.26001
12/28/2020,3575.409912
12/29/2020,3581.370117
12/30/2020,3571.590088
1/4/2021,3564.389893
1/5/2021,3547.850098
1/6/2021,3611.080078
1/7/2021,3622.419922
1/8/2021,3645.050049
1/11/2021,3620.620117
1/12/2021,3612.129883
1/13/2021,3616.51001
1/14/2021,3641.370117
1/15/2021,3599.550049
1/18/2021,3602.669922
1/19/2021,3595.419922
1/20/2021,3624.040039
1/21/2021,3618.350098
1/22/2021,3602.409912
1/25/2021,3553.139893
1/26/2021,3592.830078
1/27/2021,3536.379883
1/28/2021,3557.040039
1/29/2021,3481.439941
2/1/2021,3530.850098
2/2/2021,3590.459961
2/3/2021,3609.75
2/4/2021,3642.120117
2/5/2021,3655.77002
2/8/2021,3665.51001
2/9/2021,3661.129883
2/10/2021,3648.370117
2/11/2021,3671.679932
2/12/2021,3695.610107
2/15/2021,3734.199951
2/16/2021,3726.399902
2/17/2021,3699.850098
2/18/2021,3681.040039
2/19/2021,3713.459961
2/22/2021,3699.850098
2/23/2021,3689.100098
2/24/2021,3705.98999
2/25/2021,3685.280029
2/26/2021,3636.439941
3/1/2021,3706.620117
3/2/2021,3707.719971
3/3/2021,3712.780029
3/4/2021,3704.850098
3/5/2021,3669.540039
3/8/2021,3763.23999
3/9/2021,3786.050049
3/10/2021,3819.919922
3/11/2021,3845.639893
3/12/2021,3833.360107
3/15/2021,3829.840088
3/16/2021,3850.959961
3/17/2021,3849.73999
3/18/2021,3867.540039
3/19/2021,3837.02002
3/22/2021,3833.840088
3/23/2021,3827.02002
3/24/2021,3832.550049
3/25/2021,3832.570068
3/26/2021,3866.679932
3/29/2021,3882.870117
3/30/2021,3926.199951
3/31/2021,3919.209961
4/1/2021,3945.959961
4/6/2021,3970.419922
4/7/2021,3956.77002
4/8/2021,3977.830078
4/9/2021,3978.840088
4/12/2021,3961.899902
4/13/2021,3966.98999
4/14/2021,3976.280029
4/15/2021,3993.429932
4/16/2021,4032.98999
4/19/2021,4019.909912
4/20/2021,3940.459961
4/21/2021,3976.409912
4/22/2021,4014.800049
4/23/2021,4013.340088
4/26/2021,4020.830078
4/27/2021,4011.909912
4/28/2021,4015.030029
4/29/2021,3996.899902
4/30/2021,3974.73999
5/3/2021,4000.25
5/4/2021,3924.800049
5/5/2021,4002.790039
5/6/2021,3999.439941
5/7/2021,4034.25
5/10/2021,4023.350098
5/11/2021,3946.060059
5/12/2021,3947.429932
5/14/2021,4017.439941
5/17/2021,4006.840088
5/18/2021,4005.340088
5/19/2021,3936.73999
5/20/2021,3999.909912
5/21/2021,4025.780029
5/25/2021,4036.040039
5/26/2021,4031.669922
5/27/2021,4039.209961
5/28/2021,4070.560059
5/31/2021,4039.459961
6/1/2021,4071.75
6/2/2021,4088.5
6/3/2021,4079.23999
6/4/2021,4089.379883
6/7/2021,4097.649902
6/8/2021,4096.009766
6/9/2021,4096.850098
6/10/2021,4096.069824
6/11/2021,4126.700195
6/14/2021,4132.669922
6/15/2021,4143.52002
6/16/2021,4151.759766
6/17/2021,4158.140137
6/18/2021,4083.370117
6/21/2021,4112.330078
6/22/2021,4123.129883
6/23/2021,4075.939941
6/24/2021,4122.430176
6/25/2021,4120.660156
6/28/2021,4089.909912
6/29/2021,4107.509766
6/30/2021,4064.300049
7/1/2021,4078.889893
7/2/2021,4084.310059
7/5/2021,4087.370117
7/6/2021,4052.669922
7/7/2021,4078.530029
7/8/2021,3991.659912
7/9/2021,4068.090088
7/12/2021,4093.379883
7/13/2021,4094.560059
7/14/2021,4099.5
7/15/2021,4056.389893
7/16/2021,4035.77002
7/19/2021,3928.530029
7/20/2021,3956.340088
7/21/2021,4026.679932
7/22/2021,4059.050049
7/23/2021,4109.100098
7/26/2021,4102.589844
7/27/2021,4064.830078
7/28/2021,4103.029785
7/29/2021,4116.77002
7/30/2021,4089.300049
8/2/2021,4116.620117
8/3/2021,4117.950195
8/4/2021,4144.899902
8/5/2021,4161.080078
8/6/2021,4174.540039
8/9/2021,4177.149902
8/10/2021,4187.819824
8/11/2021,4206.330078
8/12/2021,4226.330078
8/13/2021,4229.700195
8/16/2021,4202.439941
8/17/2021,4196.399902
8/18/2021,4189.419922
8/19/2021,4124.709961
8/20/2021,4147.5
8/23/2021,4176.419922
8/24/2021,4178.080078
8/25/2021,4181.120117
8/26/2021,4169.870117
8/27/2021,4190.97998
8/30/2021,4198.799805
8/31/2021,4196.410156
9/1/2021,4227.27002
9/2/2021,4232.100098
9/3/2021,4201.97998
9/6/2021,4246.129883
9/7/2021,4225.009766
9/8/2021,4177.149902
9/9/2021,4177.109863
9/10/2021,4170.350098
9/13/2021,4189.529785
9/14/2021,4191.669922
9/15/2021,4145.939941
9/16/2021,4169.870117
9/17/2021,4130.839844
9/20/2021,4043.629883
9/21/2021,4097.509766
9/22/2021,4150.189941
9/23/2021,4194.919922
9/24/2021,4158.509766
9/27/2021,4165.47998
9/28/2021,4058.820068
9/29/2021,4080.219971
9/30/2021,4048.080078
10/1/2021,4035.300049
10/4/2021,3996.409912
10/5/2021,4065.429932
10/6/2021,4012.649902
10/7/2021,4098.339844
10/8/2021,4073.290039
10/11/2021,4072.52002
10/12/2021,4055.090088
10/13/2021,4083.280029
10/14/2021,4149.060059
10/15/2021,4182.910156
10/18/2021,4151.399902
10/19/2021,4166.830078
10/20/2021,4172.169922
10/21/2021,4155.72998
10/22/2021,4188.810059
10/25/2021,4188.310059
10/26/2021,4223.970215
10/27/2021,4220.879883
10/28/2021,4233.870117
10/29/2021,4250.560059
11/1/2021,4280.470215
11/2/2021,4296.220215
11/3/2021,4309.609863
11/4/2021,4333.339844
11/5/2021,4363.040039
11/8/2021,4352.529785
11/9/2021,4344.629883
11/10/2021,4348.819824
11/11/2021,4358
11/12/2021,4370.330078
11/15/2021,4386.189941
11/16/2021,4401.490234
11/17/2021,4400.810059
11/18/2021,4383.700195
11/19/2021,4356.470215
11/22/2021,4338.689941
11/23/2021,4283.819824
11/24/2021,4276.25
11/25/2021,4293.240234
11/26/2021,4089.580078
11/29/2021,4109.509766
11/30/2021,4063.060059
12/1/2021,4179.149902
12/2/2021,4108.02002
12/3/2021,4080.149902
12/6/2021,4137.109863
12/7/2021,4276.200195
12/8/2021,4233.089844
12/9/2021,4208.299805
12/10/2021,4199.160156
12/13/2021,4183.040039
12/14/2021,4144.509766
12/15/2021,4159.680176
12/16/2021,4201.870117
12/17/2021,4161.350098
12/20/2021,4107.129883
12/21/2021,4174.990234
12/22/2021,4217.060059
12/23/2021,4265.859863
12/27/2021,4287.97998
12/28/2021,4311.930176
12/29/2021,4284.830078
12/30/2021,4306.069824
1/3/2022,4331.819824
1/4/2022,4367.620117
1/5/2022,4392.149902
1/6/2022,4324.810059
1/7/2022,4305.830078
1/10/2022,4239.52002
1/11/2022,4281.540039
1/12/2022,4316.390137
1/13/2022,4315.899902
1/14/2022,4272.189941
1/17/2022,4302.140137
1/18/2022,4257.819824
1/19/2022,4268.279785
1/20/2022,4299.609863
1/21/2022,4229.560059
1/24/2022,4054.360107
1/25/2022,4078.26001
1/26/2022,4164.600098
1/27/2022,4184.970215
1/28/2022,4136.910156
1/31/2022,4174.600098
2/1/2022,4224.450195
2/2/2022,4222.049805
2/3/2022,4141.02002
2/4/2022,4086.580078
2/7/2022,4120.560059
2/8/2022,4129.25
2/9/2022,4204.089844
2/10/2022,4197.069824
2/11/2022,4155.22998
2/14/2022,4064.449951
2/15/2022,4143.709961
2/16/2022,4137.220215
2/17/2022,4113.189941
2/18/2022,4074.280029
2/21/2022,3985.709961
2/22/2022,3985.469971
2/23/2022,3973.409912
2/24/2022,3829.290039
2/25/2022,3970.689941
2/28/2022,3924.22998
3/1/2022,3765.850098
3/2/2022,3820.590088
3/3/2022,3741.780029
3/4/2022,3556.01001
3/7/2022,3512.219971
3/8/2022,3505.290039
3/9/2022,3766.02002
3/10/2022,3651.389893
3/11/2022,3686.780029
3/14/2022,3741.100098
3/15/2022,3738.110107
3/16/2022,3889.689941
3/17/2022,3885.320068
3/18/2022,3902.439941
3/21/2022,3881.800049
3/22/2022,3926.120117
3/23/2022,3869.219971
3/24/2022,3863.389893
3/25/2022,3867.72998
3/28/2022,3887.100098
3/29/2022,4002.179932
3/30/2022,3959.139893
3/31/2022,3902.52002
4/1/2022,3918.679932
4/4/2022,3951.120117
4/5/2022,3917.850098
4/6/2022,3824.689941
4/7/2022,3802.01001
4/8/2022,3858.370117
4/11/2022,3839.620117
4/12/2022,3831.469971
4/13/2022,3827.959961
4/14/2022,3848.679932
4/19/2022,3830.76001
4/20/2022,3896.810059
4/21/2022,3928.030029
4/22/2022,3840.01001
4/25/2022,3757.590088
4/26/2022,3721.360107
4/27/2022,3734.639893
4/28/2022,3777.02002
4/29/2022,3802.860107
5/2/2022,3732.439941
5/3/2022,3761.189941
5/4/2022,3724.98999
5/5/2022,3696.629883
5/6/2022,3629.169922
5/9/2022,3526.860107
5/10/2022,3554.800049
5/11/2022,3647.870117
5/12/2022,3613.429932
5/13/2022,3703.419922
5/16/2022,3685.340088
5/17/2022,3741.51001
5/18/2022,3690.73999
5/19/2022,3633.330078
5/20/2022,3657.030029
5/23/2022,3708.389893
5/24/2022,3647.560059
5/25/2022,3677.100098
5/27/2022,3808.860107
5/30/2022,3841.620117
5/31/2022,3789.209961
6/1/2022,3759.540039
6/2/2022,3795.129883
6/3/2022,3783.659912
6/7/2022,3806.73999
6/8/2022,3788.929932
6/9/2022,3724.449951
6/10/2022,3599.199951
6/13/2022,3502.5
6/14/2022,3475.179932
6/15/2022,3532.320068
6/16/2022,3427.909912
6/17/2022,3438.459961
6/20/2022,3469.830078
6/21/2022,3494
6/22/2022,3464.639893
6/23/2022,3436.290039
6/24/2022,3533.169922
6/27/2022,3538.879883
6/28/2022,3549.290039
6/29/2022,3514.320068
6/30/2022,3454.860107
7/1/2022,3448.310059
7/4/2022,3452.419922
7/5/2022,3359.830078
7/6/2022,3421.840088
7/7/2022,3488.5
7/8/2022,3506.550049
7/11/2022,3471.689941
7/12/2022,3487.050049
7/13/2022,3453.969971
7/14/2022,3396.610107
7/15/2022,3477.199951
7/18/2022,3511.860107
7/19/2022,3587.439941
7/20/2022,3585.23999
7/21/2022,3596.51001
7/22/2022,3596.48999
7/25/2022,3604.159912
7/26/2022,3575.360107
7/27/2022,3607.780029
7/28/2022,3652.199951
7/29/2022,3708.100098
8/2/2022,3684.629883
8/3/2022,3732.540039
8/4/2022,3754.600098
8/5/2022,3725.389893
8/8/2022,3757.219971
8/9/2022,3715.370117
8/10/2022,3749.350098
8/11/2022,3757.050049
8/12/2022,3776.810059
8/15/2022,3789.620117
8/16/2022,3805.219971
8/17/2022,3756.060059
8/18/2022,3777.379883
8/19/2022,3730.320068
8/22/2022,3658.219971
8/23/2022,3652.52002
8/24/2022,3667.459961
8/25/2022,3674.540039
8/26/2022,3603.679932
8/29/2022,3570.51001
8/30/2022,3561.919922
8/31/2022,3517.25
9/1/2022,3456.699951
9/2/2022,3544.379883
9/5/2022,3490.01001
9/6/2022,3500.139893
9/7/2022,3502.090088
9/8/2022,3512.379883
9/9/2022,3570.040039
9/12/2022,3646.51001
9/13/2022,3586.179932
9/14/2022,3567.560059
9/15/2022,3541.790039
9/16/2022,3500.409912
9/19/2022,3499.48999
9/20/2022,3467.090088
9/21/2022,3491.870117
9/22/2022,3427.139893
9/23/2022,3348.600098
9/26/2022,3342.560059
9/27/2022,3328.649902
9/28/2022,3335.300049
9/29/2022,3279.040039
9/30/2022,3318.199951
10/3/2022,3342.169922
10/4/2022,3484.47998
10/5/2022,3447.719971
10/6/2022,3433.449951
10/7/2022,3375.459961
10/10/2022,3356.879883
10/11/2022,3340.350098
10/12/2022,3331.530029
10/13/2022,3362.399902
10/14/2022,3381.72998
10/17/2022,3441.639893
10/18/2022,3463.830078
10/19/2022,3471.23999
10/20/2022,3492.850098
10/21/2022,3476.629883
10/24/2022,3527.790039
10/25/2022,3585.580078
10/26/2022,3605.310059
10/27/2022,3604.51001
10/28/2022,3613.02002
10/31/2022,3617.540039
11/1/2022,3651.02002
11/2/2022,3622.01001
11/3/2022,3593.179932
11/4/2022,3688.330078
